ancestor_concept_id,descendant_concept_id,min_levels_of_separation,max_levels_of_separation
441840,4270980,2,2
441840,4184252,1,1
441840,4267356,2,2
441840,4314442,1,1
441840,37017389,2,2
441840,4080732,2,2
444100,607540,2,2
441840,40480163,2,2
441840,4269314,2,2
441840,44790787,2,2
441840,4031885,1,1
441840,4241080,2,2
378253,605546,2,2
441840,4102113,2,2
37311947,192671,1,1
441840,4115247,2,2
441840,4134711,2,2
441840,42690070,2,2
40483287,192279,2,2
441840,37018196,2,2
42709887,44782429,2,2
441840,4146362,2,2
441840,4223692,2,2
441840,4154783,1,1
441840,4118793,2,2
441840,602247,1,1
441840,4023993,2,2
441840,4323965,2,2
441840,4136529,2,2
441840,45766827,2,2
441840,44807973,2,2
441840,44790785,2,2
441840,4248672,2,2
441840,4290272,2,2
43021852,43020456,1,1
43022059,375557,2,2
43531578,45757445,2,2
441840,4134539,2,2
441840,4113999,2,2
441840,4128820,2,2
43531653,45757446,1,1
441840,603161,2,2
43531578,45757444,2,2
43531578,43531559,1,1
43531578,45771064,1,1
43531578,45769906,1,1
43531578,45757447,2,2
441840,40483843,2,2
441840,43021220,2,2
43531578,43531653,1,1
43531578,43531577,1,1
43531578,45757446,2,2
43531578,43531562,1,1
43531578,43531566,1,1
441840,4168014,2,2
44792250,46284591,1,1
441840,4243048,2,2
44782429,37018886,1,1
44782429,44784638,2,2
44782429,44782703,1,1
433736,40481140,1,1
441840,40478959,1,1
441840,44804532,2,2
44789510,45770687,2,2
44792252,46284599,1,1
44782691,43021835,1,1
44782429,46270354,2,2
441840,4305173,2,2
44782429,43021836,2,2
44792250,46284592,1,1
44782429,46273514,2,2
441840,4075140,2,2
441840,44788314,2,2
441840,765824,2,2
44782429,43020456,2,2
44782429,46273164,2,2
44792232,46284588,1,1
441840,4336385,2,2
44782429,44782692,1,1
44792254,46284603,1,1
44782429,46270355,2,2
441840,4100328,2,2
44782691,46273636,1,1
441840,4255387,2,2
44782429,44782717,2,2
443883,606081,2,2
441840,4185196,2,2
441840,4353715,2,2
441840,4240216,2,2
44792232,46284587,1,1
441840,46271754,2,2
441840,4132897,2,2
441840,44782861,2,2
441840,4049010,2,2
44782429,44782691,1,1
441840,4199701,2,2
44782429,43021852,1,1
44782429,46270353,1,1
441840,44791578,2,2
44782691,43020456,1,1
44782429,44782689,1,1
44782429,43021835,2,2
44782429,45757139,2,2
44782429,46270356,2,2
441840,4311860,2,2
44782429,43021853,2,2
44782429,45757137,2,2
441840,436233,2,2
441840,42710023,2,2
44782429,43020457,2,2
44811805,45770687,1,1
441840,607915,2,2
441840,44813845,2,2
44782429,44784640,2,2
44782429,43021854,2,2
378253,4319470,2,2
44782429,44784639,2,2
44782429,46273636,2,2
443883,609269,1,1
441840,4339398,2,2
44782429,44784621,1,1
443883,606142,2,2
441840,4042141,1,1
44782429,45757356,1,1
44792254,46284600,1,1
441840,4108462,1,1
441840,4252222,2,2
441840,37016915,2,2
441840,4242214,2,2
44782429,43020437,2,2
44792252,46284597,1,1
441840,36685757,2,2
44783587,378253,2,2
44792252,46284598,1,1
44792250,46284593,1,1
44784621,43021835,1,1
443883,4130012,2,2
44782429,44782690,1,1
44782429,43020455,2,2
441840,4193641,2,2
441840,4215729,2,2
441840,44809110,2,2
44792254,46284602,1,1
441840,608120,2,2
441840,4230389,2,2
441840,4085423,2,2
444100,607543,2,2
44792232,46286992,1,1
441840,46284412,2,2
441840,4213728,2,2
441840,44805189,2,2
441840,765399,2,2
378253,376382,2,2
441840,4201005,2,2
441840,4081301,2,2
45773688,45771067,1,1
441840,37208164,2,2
255573,605067,2,2
45773688,45769902,1,1
441840,4202835,2,2
45763855,44792250,1,1
443883,4100536,1,1
441840,4100611,2,2
45757363,45769875,1,1
441840,4104314,1,1
441840,4030914,2,2
441840,4183716,2,2
441840,44790722,2,2
441840,44805497,2,2
441840,4024567,1,1
441840,40480892,2,2
321588,314370,2,2
441840,138239,1,1
45763855,44792251,1,1
316866,44784484,2,2
441840,4221632,2,2
441840,44802299,2,2
441840,37019174,2,2
441840,4212577,1,1
441840,4055082,2,2
441840,4177861,2,2
441840,4266188,2,2
441840,4217324,2,2
441840,44793339,2,2
441840,444112,1,1
441840,37395456,2,2
441840,44808783,2,2
441840,35608576,2,2
441840,4097003,2,2
441840,4179285,2,2
441840,42690029,2,2
441840,4021783,1,1
441840,435720,2,2
441840,4206530,2,2
441840,4185191,2,2
441840,43021208,2,2
441840,42690025,2,2
441840,4123283,2,2
45773688,45769903,1,1
441840,4095696,2,2
441840,4182032,2,2
433736,42872398,1,1
45773688,45771075,1,1
441840,4116970,2,2
441840,4309063,2,2
441840,600630,2,2
441840,606893,2,2
441840,37018020,2,2
441840,4101363,2,2
441840,42690713,2,2
441840,4179296,2,2
441840,37016903,2,2
441840,4022922,2,2
441840,4274417,2,2
441840,44807967,2,2
441840,44807461,2,2
441840,37311678,2,2
441840,4169451,2,2
441840,4182161,2,2
441840,4353957,2,2
441840,4041280,2,2
441840,4269647,2,2
45763855,46284591,2,2
441840,4235449,2,2
441840,441417,2,2
45763854,44792249,1,1
441840,4285068,2,2
441840,4158338,2,2
443883,606080,2,2
441840,37018374,2,2
441840,4170035,2,2
443883,618641,1,1
441840,4327167,2,2
378253,4044236,2,2
441840,37208385,2,2
441840,4041362,2,2
45763854,46284588,2,2
441840,4268546,2,2
441840,4088530,2,2
443611,601165,1,1
441840,4030917,2,2
441840,44807792,2,2
441840,37018839,2,2
441840,4198705,2,2
441840,4019125,2,2
441840,4010029,2,2
433736,36676689,2,2
441840,4032787,2,2
441840,44790450,2,2
443883,4083993,2,2
441840,4028516,2,2
45763854,44792232,1,1
441840,4193637,2,2
45763854,46284587,2,2
441840,763769,2,2
443883,4086739,2,2
45768812,37019193,1,1
441840,4134821,2,2
45757363,45772060,1,1
441840,4182165,2,2
45773688,45769904,1,1
441840,4159865,2,2
317009,46269802,2,2
45763855,46284593,2,2
443883,45765689,2,2
441840,4190527,2,2
441840,4091813,2,2
441840,40488442,2,2
378253,42709942,2,2
441840,4036158,2,2
441840,603104,2,2
441840,4312997,2,2
441840,4188147,2,2
45771064,45757446,1,1
441840,4307667,2,2
441840,4023178,2,2
441840,42690010,2,2
441840,4214192,2,2
441840,703450,2,2
441840,4275342,2,2
441840,44791216,2,2
441840,4128821,2,2
441840,4011055,2,2
441840,763741,2,2
441840,4131484,2,2
441840,4200657,2,2
441840,4097137,2,2
441840,4236713,2,2
441840,4048221,1,1
45763855,46284592,2,2
441840,607182,2,2
45773688,45773576,1,1
441840,40481167,2,2
441840,4092588,2,2
441840,44805167,2,2
441840,4097288,2,2
441840,4304916,2,2
378253,4061404,2,2
443883,37204146,2,2
441840,764145,2,2
441840,4317270,2,2
45763854,46286992,2,2
441840,4353840,2,2
441840,602248,1,1
441840,4264719,2,2
441840,40481517,2,2
441840,444107,1,1
441840,4222559,2,2
441840,77960,2,2
441840,4176588,2,2
441840,4040738,2,2
441840,42538836,2,2
441840,4071868,2,2
441840,4158568,2,2
45773688,45769901,1,1
441840,44784396,2,2
45757363,36714116,1,1
441840,442326,2,2
443883,4168861,2,2
441840,4021168,2,2
45768812,443961,1,1
441840,437584,2,2
441840,4216046,2,2
378253,4318562,2,2
441840,46284201,2,2
441840,4009396,2,2
441840,42690248,2,2
441840,4185197,1,1
441840,4209888,2,2
441840,44790698,2,2
441840,4162723,2,2
441840,37016916,2,2
441840,4201032,2,2
441840,608131,2,2
441840,37208121,2,2
441840,4155010,2,2
378253,4134454,2,2
317009,45773005,2,2
441840,4201376,2,2
441840,44793341,2,2
441840,4345680,2,2
441840,4114804,2,2
441840,42690583,1,1
441840,42690760,2,2
441840,4047640,2,2
443883,257581,2,2
441840,4185194,2,2
441840,3663210,2,2
443883,4148381,1,1
441840,4002354,2,2
441840,4093181,1,1
443883,36716680,2,2
441840,44809762,2,2
378253,4162234,2,2
441840,4030755,2,2
441840,44805185,2,2
441840,4083043,2,2
441840,40485057,1,1
441840,4063944,2,2
441840,44802493,2,2
441840,44790809,2,2
441840,44790674,1,1
441840,4275520,2,2
441840,40479815,2,2
317009,45769438,2,2
441840,4289471,2,2
441840,4296888,2,2
441840,608554,2,2
441840,4050645,2,2
441840,4297923,2,2
441840,44806503,2,2
441840,4009276,2,2
441840,4161937,2,2
441840,4235251,2,2
441840,4253739,1,1
441840,44809996,2,2
441840,4117930,1,1
441840,4200202,2,2
441840,4305304,2,2
441840,40491006,2,2
441840,608143,2,2
441840,46270151,2,2
441840,4103473,2,2
441840,42690610,2,2
441840,4134746,2,2
378253,375527,1,1
441840,44792083,2,2
192671,4198840,2,2
441840,45770307,2,2
441840,35610321,2,2
441840,4154799,2,2
46271022,45771075,2,2
441840,40481819,2,2
46271022,43531653,2,2
46271022,44782691,2,2
375557,607568,2,2
441840,4236758,2,2
46271022,36717349,1,1
46271022,37017104,1,1
441840,4031892,2,2
46271022,36716947,1,1
441840,46284268,2,2
441840,4329720,2,2
441840,4084922,1,1
441840,40482437,1,1
441840,4227253,1,1
441840,35624656,2,2
441840,4175612,2,2
46271022,37018761,2,2
441840,44806383,2,2
441840,4080011,2,2
441840,42690155,2,2
441840,4214612,2,2
46271022,44792230,2,2
441840,36713755,2,2
441840,4107655,2,2
46270353,46273636,1,1
441840,4306520,2,2
441840,4115108,2,2
441840,42690140,2,2
46271022,44792253,2,2
46271022,44792254,2,2
441840,46273389,2,2
441840,4025940,2,2
46271022,443597,1,1
46271022,198185,1,1
46271022,443601,1,1
46271022,36717534,1,1
441840,44805875,2,2
441840,4246982,2,2
441840,44792757,2,2
441840,4038494,2,2
441840,4306009,1,1
441840,4248671,2,2
441840,4280590,2,2
441840,4079936,2,2
46271022,43531578,1,1
441840,42690160,2,2
441840,4182465,2,2
441840,4136193,2,2
441840,4320788,2,2
441840,4086181,1,1
441840,42537297,2,2
441840,4167037,2,2
46271022,37019193,2,2
441840,4073837,2,2
441840,4252520,2,2
46271022,443614,1,1
441840,606998,2,2
441840,4084283,2,2
441840,4267505,2,2
46271022,45763855,2,2
441840,37397447,2,2
441840,4102111,1,1
46271022,36716184,1,1
46271022,44792255,2,2
441840,4157164,2,2
441840,4256625,2,2
46271022,443612,1,1
441840,4122716,2,2
441840,44809155,2,2
441840,442768,2,2
316866,4167493,2,2
441840,608206,1,1
46271022,193782,2,2
441840,4233079,2,2
46271022,44792252,2,2
441840,4030905,2,2
441840,4102616,2,2
46271022,443611,1,1
46271022,45763854,2,2
441840,40487084,2,2
46271022,44782429,1,1
441840,4092285,1,1
441840,4041281,1,1
46271022,37017813,2,2
443883,4310400,2,2
46271022,36716455,1,1
441840,4260693,2,2
441840,42689620,2,2
46271022,443961,2,2
441840,607858,2,2
441840,4089844,1,1
46271022,45773688,1,1
441840,606770,2,2
441840,4302537,1,1
46271022,44792231,2,2
441840,4199233,2,2
443883,4030678,2,2
441840,4116964,2,2
441840,4101800,2,2
441840,4047208,1,1
441840,4101673,1,1
441840,4266926,1,1
441840,4046984,2,2
441840,4262315,2,2
441840,4162106,2,2
441840,4105886,2,2
441840,376208,2,2
441840,4028076,2,2
441840,4050378,2,2
441840,45757505,2,2
441840,4177829,2,2
441840,4185214,2,2
441840,141960,2,2
441840,42689936,2,2
441840,4023059,2,2
441840,4060461,2,2
441840,606786,1,1
441840,42689985,2,2
441840,40483632,1,1
441840,4161988,2,2
441840,42690286,2,2
441840,443251,2,2
441840,4190092,2,2
441840,42689983,2,2
433736,4171317,1,1
441840,4243512,2,2
441840,4149040,2,2
441840,4188071,2,2
443883,603018,2,2
441840,4152505,2,2
441840,44805763,2,2
441840,4088927,1,1
441840,4353966,2,2
441840,4115386,2,2
441840,45765915,2,2
441840,4040739,2,2
441840,444094,2,2
441840,4038501,2,2
441840,46273603,2,2
441840,4306954,2,2
441840,4133151,2,2
441840,3663218,2,2
441840,4175709,2,2
441840,4220162,2,2
441840,4090651,1,1
441840,4071030,2,2
441840,4188550,2,2
441840,4178545,1,1
443612,601164,1,1
441840,4042505,2,2
441840,4309975,2,2
441840,44812122,2,2
441840,4032666,2,2
441840,44805054,2,2
441840,4038236,2,2
441840,4037706,2,2
441840,4174974,2,2
441840,4042203,2,2
441840,4113619,2,2
441840,4185447,2,2
441840,4186312,2,2
441840,37016918,2,2
441840,444199,2,2
443883,4100366,2,2
319835,315295,2,2
441840,44790740,2,2
441840,44803134,2,2
441840,607856,1,1
441840,43021644,2,2
441840,444239,2,2
255573,605066,2,2
441840,434541,2,2
441840,44804707,2,2
443883,260434,2,2
441840,4031986,2,2
441840,4231962,2,2
441840,4256639,2,2
441840,4308356,2,2
443883,607150,1,1
441840,4158316,2,2
441840,42690116,2,2
441840,40493207,2,2
441840,4093210,2,2
441840,763660,2,2
441840,4103521,2,2
441840,4236414,2,2
441840,4182168,2,2
441840,4184113,2,2
441840,763735,2,2
443883,609271,2,2
441840,4047986,1,1
441840,37018451,2,2
441840,4105888,2,2
441840,4128329,2,2
441840,4354265,1,1
441840,4090315,2,2
441840,4313849,2,2
441840,4276268,2,2
441840,4323757,2,2
441840,42690267,2,2
441840,37397657,2,2
441840,4336846,2,2
441840,4052791,2,2
441840,4330562,2,2
443883,601849,2,2
441840,4245123,2,2
441840,4038502,1,1
441840,133468,2,2
441840,4149989,2,2
441840,37397187,2,2
441840,606889,2,2
441840,44791686,2,2
378253,4143009,2,2
441840,42690069,2,2
441840,4009465,2,2
441840,4125461,2,2
441840,607141,2,2
441840,4201382,2,2
441840,42689645,2,2
441840,4031370,2,2
441840,4023995,1,1
441840,4302528,2,2
443601,601162,1,1
441840,4013633,2,2
441840,4166871,2,2
378253,374922,2,2
441840,4118806,2,2
441840,35622328,2,2
441840,37398995,1,1
441840,4115106,2,2
441840,4184401,2,2
441840,4209307,2,2
441840,4219643,2,2
444100,436079,2,2
441840,4027509,1,1
441840,42689935,2,2
441840,42690373,2,2
441840,4125462,2,2
441840,43022020,2,2
441840,4152025,2,2
441840,4240224,2,2
441840,763661,2,2
441840,42690320,2,2
441840,4047641,2,2
441840,44791305,2,2
441840,4215529,2,2
441840,4241830,2,2
441840,4200693,2,2
441840,4270828,2,2
441840,4146070,2,2
441840,4175850,1,1
441840,37018452,2,2
441840,4042837,2,2
441840,44802080,2,2
441840,4081176,2,2
441840,4171103,2,2
441840,606650,2,2
441840,435656,2,2
441840,40481124,2,2
441840,4047703,2,2
441840,4274099,2,2
441840,36712925,2,2
441840,4172635,2,2
441840,37110754,2,2
441840,4136893,2,2
441840,40482430,2,2
441840,4011467,2,2
441840,46269860,2,2
441840,4242884,2,2
441840,4266027,2,2
443883,609071,2,2
443883,4154638,2,2
441840,4024018,2,2
441840,4353949,2,2
441840,44802380,2,2
441840,4216788,2,2
441840,4114624,2,2
441840,763406,2,2
443883,4034000,2,2
441840,4022049,2,2
760978,601163,2,2
4063381,255573,1,1
4182210,44784521,2,2
4182210,4046095,2,2
4182210,4047752,2,2
4182210,4047745,1,1
4182210,4043381,2,2
4182210,374341,1,1
37017104,197921,1,1
37017104,619682,1,1
37017104,619681,1,1
37017104,619683,1,1
37017104,46270969,2,2
43531578,45757392,2,2
45773688,45757393,2,2
46271022,601163,2,2
441840,1244064,2,2
321588,4159659,1,1
441840,1246790,2,2
443883,1244229,2,2
443883,1245119,1,1
441840,4327857,1,1
443883,1245071,2,2
443883,1245120,1,1
441840,1243983,2,2
441840,79936,2,2
444100,1244154,1,1
441840,1246667,2,2
441840,1246748,2,2
443783,255573,2,2
441840,1243869,1,1
441840,196523,2,2
441840,4033722,2,2
441840,1244037,2,2
443883,1245921,1,1
321588,1244806,2,2
441840,763405,2,2
441840,4323477,2,2
441840,3663256,2,2
201826,45757508,2,2
441840,1245380,2,2
441840,1243868,1,1
441840,4307537,1,1
441840,44791856,2,2
441840,4003404,1,1
441840,4180868,2,2
317009,1244553,1,1
201826,43531597,2,2
441840,4160791,2,2
201826,40485020,1,1
321588,37163532,2,2
433736,1245357,1,1
441840,1242947,1,1
441840,4178167,2,2
441840,4178938,2,2
441840,4233613,2,2
443883,1245118,1,1
37017104,1245004,1,1
441840,4031369,2,2
441840,42535668,2,2
441840,4152354,2,2
443883,37163820,2,2
441840,4036777,2,2
441840,45770365,1,1
443883,37163314,2,2
441840,4008166,2,2
441840,4159751,2,2
441840,433656,2,2
441840,37173549,2,2
441840,4256638,2,2
441840,44813881,2,2
441840,46285103,1,1
321588,37163070,2,2
441840,44806034,1,1
441840,42537349,2,2
443883,37164677,2,2
441840,46284437,2,2
443883,4314555,2,2
441840,4120799,2,2
441840,4338356,2,2
441840,4216272,2,2
441840,4038053,2,2
443883,4079854,2,2
441840,40480724,1,1
441840,602202,1,1
441840,4182455,2,2
441840,4182159,2,2
441840,44811561,2,2
441840,46284465,2,2
441840,4093742,1,1
441840,4200885,2,2
441840,4087630,2,2
443883,37160682,2,2
441840,765798,2,2
321588,4019713,2,2
441840,36715345,2,2
441840,4234816,2,2
441840,4269175,2,2
441840,37158897,1,1
195771,4034961,2,2
443883,46287148,2,2
441840,4144367,2,2
441840,4010835,2,2
443883,618677,2,2
443883,37166070,2,2
441840,4275182,1,1
441840,4029350,2,2
441840,4092659,1,1
441840,4254371,2,2
441840,44811146,2,2
441840,46286969,2,2
443614,765535,2,2
441840,4025026,1,1
443883,44784574,2,2
441840,4028922,1,1
441840,4074307,2,2
441840,4010830,2,2
441840,37312403,2,2
441840,434004,1,1
316866,45757393,2,2
441840,44791318,1,1
441840,4231838,2,2
441840,4307720,2,2
441840,4325191,2,2
433736,37164244,2,2
317009,4245292,2,2
321588,4188638,2,2
321588,43021457,2,2
443883,618689,2,2
441840,4196069,2,2
441840,4162090,2,2
434547,36717534,2,2
321588,4112017,2,2
441840,44811534,2,2
441840,44790602,1,1
441840,4156026,2,2
441840,4275658,1,1
443432,4182210,1,1
443883,618684,2,2
441840,4116787,2,2
441840,40482027,2,2
321588,4311280,1,1
441840,37153075,1,1
441840,4142575,2,2
433736,37166818,1,1
441840,4031365,2,2
441840,42690317,2,2
441840,37171297,2,2
441840,4182035,2,2
441840,4037113,2,2
441840,435524,2,2
443883,193240,2,2
441840,4023988,2,2
441840,44791319,1,1
441840,4305025,2,2
441840,608167,2,2
443883,609242,2,2
443883,37163256,2,2
441840,37167465,2,2
441840,4252220,2,2
441840,4114000,2,2
441840,4081111,2,2
443883,4116343,2,2
441840,40481848,2,2
433736,37163354,1,1
441840,4145807,2,2
441840,4161417,2,2
441840,42537240,2,2
441840,42690066,2,2
441840,37311243,2,2
441840,4201479,1,1
441840,4294807,2,2
441840,44805178,2,2
441840,37162280,2,2
441840,4157351,1,1
441840,4147942,1,1
441840,4025202,1,1
321588,316478,2,2
441840,764778,2,2
321588,606386,2,2
441840,44792460,2,2
316866,45757392,2,2
441840,44806357,2,2
441840,4080987,2,2
441840,46269843,2,2
441840,4152609,2,2
441840,4266976,2,2
441840,46272970,2,2
441840,42690214,2,2
441840,4147943,2,2
441840,4136194,2,2
441840,4081112,2,2
80593,192279,1,1
441840,4157007,2,2
316866,37163010,1,1
441840,40487886,2,2
443883,37167173,2,2
441840,605678,2,2
443883,4128092,1,1
443883,37163317,2,2
441840,37395676,2,2
441840,44807505,2,2
441840,36683658,2,2
441840,132408,2,2
441840,4021558,2,2
441840,4307543,2,2
441840,4126631,2,2
443883,37174254,1,1
441840,37165060,2,2
441840,4276418,2,2
443883,618685,2,2
443597,762001,2,2
443883,602615,2,2
441840,44807494,2,2
441840,437369,2,2
441840,4022830,1,1
433736,37166819,2,2
441840,44805658,1,1
441840,4103350,2,2
441840,44804942,2,2
443883,37164599,2,2
443883,4033150,2,2
441840,37174492,2,2
441840,4146944,1,1
441840,42690193,2,2
441840,4329255,2,2
441840,42538821,2,2
441840,4265877,2,2
441840,4115400,2,2
195556,762001,2,2
441840,4030760,2,2
441840,37155317,2,2
443612,765536,2,2
441840,4217210,1,1
443883,4302523,2,2
441840,4148300,2,2
192279,760978,1,1
321588,37160812,2,2
441840,4234561,2,2
441840,4338506,2,2
443883,609245,2,2
321588,4016543,2,2
441840,44805880,2,2
443883,44813564,2,2
441840,4170588,1,1
441840,4014094,2,2
441840,46284461,2,2
441840,46286973,2,2
443883,619830,2,2
441840,4065259,2,2
441840,4286638,2,2
321588,4262316,1,1
441840,4093837,1,1
441840,44805738,2,2
441840,4116804,2,2
441840,40481570,2,2
441840,44808748,2,2
441840,46285266,1,1
441840,4062735,2,2
441840,36685515,1,1
441840,4065534,2,2
441840,4040737,1,1
441840,45767017,2,2
441840,4254084,2,2
441840,4028872,1,1
441840,4104156,2,2
441840,762565,2,2
441840,4172841,2,2
441840,4022076,2,2
441840,37159164,1,1
441840,4086495,2,2
316866,4062552,2,2
441840,46269889,2,2
441840,4229891,1,1
441840,4091675,1,1
443883,434894,1,1
441840,37312144,2,2
443883,619944,2,2
443883,618686,2,2
441840,43022019,2,2
443883,37167419,2,2
441840,441182,2,2
441840,4126392,2,2
443883,618627,2,2
441840,36717150,2,2
441840,4117292,2,2
441840,42689952,2,2
321588,37160789,2,2
441840,44792958,1,1
441840,440833,2,2
441840,45770277,2,2
441840,42539519,2,2
441840,4329455,2,2
441840,4010833,2,2
433736,37165655,1,1
441840,4320832,2,2
441840,4302179,2,2
441840,44804576,2,2
321588,37163150,1,1
443597,762033,2,2
441840,42873162,2,2
441840,4103474,1,1
441840,44809177,1,1
441840,4091805,2,2
441840,4102715,2,2
441840,37170008,2,2
441840,4209159,2,2
443883,761075,2,2
441840,4022130,1,1
443883,618688,2,2
192671,37163132,1,1
441840,4251043,1,1
441840,40481755,2,2
441840,443530,2,2
321588,4097813,2,2
441840,4065533,2,2
441840,44811542,2,2
441840,36714056,2,2
441840,4089228,2,2
441840,4038062,2,2
441840,4136469,2,2
441840,37165273,2,2
443612,762034,2,2
441840,44804943,2,2
378253,4038026,2,2
441840,4157161,2,2
441840,44814027,1,1
443883,439416,1,1
441840,44793252,2,2
317009,4143474,2,2
441840,4287868,2,2
317009,4301938,2,2
441840,4038067,2,2
441840,35609868,1,1
321588,43020833,2,2
441840,4248665,2,2
441840,4104316,2,2
443883,618628,2,2
441840,40488461,2,2
441840,45770043,2,2
441840,4228480,2,2
441840,45770619,2,2
441840,4181420,2,2
441840,4162374,2,2
441840,4057545,2,2
441840,45770042,2,2
201826,37163431,1,1
441840,4005650,2,2
321588,42538803,2,2
441840,4000055,2,2
441840,4269712,2,2
441840,608144,2,2
441840,437982,2,2
441840,4293855,2,2
441840,435875,2,2
441840,40480606,2,2
441840,4154711,2,2
441840,37312448,2,2
441840,3662239,2,2
441840,4065674,2,2
441840,37117208,2,2
441840,4308571,2,2
441840,4082393,2,2
441840,4265570,2,2
441840,4004521,2,2
441840,37396556,2,2
441840,136237,2,2
443883,37166069,2,2
441840,42690644,2,2
441840,4153367,2,2
441840,4235246,2,2
441840,4093349,2,2
441840,4246978,2,2
441840,44792508,2,2
441840,4125002,2,2
441840,4097602,1,1
317009,4022592,2,2
321588,42538802,2,2
443883,37164721,2,2
441840,4032534,2,2
441840,4235248,2,2
441840,36675662,2,2
441840,4021605,1,1
317009,4057952,2,2
441840,46287164,2,2
441840,44782554,2,2
441840,37018973,2,2
441840,44789328,1,1
441840,37168189,2,2
441840,4037489,2,2
441840,4064506,2,2
441840,4220746,1,1
441840,4164707,2,2
441840,44804939,1,1
443883,37162908,2,2
443883,37173537,2,2
441840,4243915,2,2
321588,37162262,2,2
443883,37160681,2,2
441840,763050,2,2
441840,4102115,1,1
441840,44791983,2,2
441840,4157162,2,2
378253,4175786,2,2
441840,4268705,2,2
441840,4182003,2,2
441840,44789043,2,2
441840,37154027,2,2
317009,4217558,2,2
441840,37153076,1,1
441840,4152610,2,2
80593,36717349,1,1
321588,37169797,2,2
378253,37166879,1,1
441840,37394052,2,2
441840,44789331,1,1
316866,45772751,1,1
441840,441947,1,1
441840,4209279,2,2
441840,37155330,2,2
441840,443420,2,2
441840,442793,2,2
441840,44804574,1,1
441840,4265584,2,2
441840,44789041,2,2
441840,4212895,2,2
441840,4246984,2,2
441840,4197028,2,2
441840,37173984,2,2
441840,45766055,2,2
441840,4155097,2,2
441840,44811580,2,2
441840,4009870,2,2
441840,44811568,2,2
441840,4185476,2,2
444100,37166876,2,2
443611,760850,2,2
441840,46284495,2,2
441840,4016474,1,1
441840,44811345,2,2
441840,37168577,2,2
317009,45766728,2,2
441840,4026174,2,2
441840,4037313,2,2
443883,37166072,1,1
441840,44789363,2,2
441840,43021974,2,2
443883,602584,2,2
441840,42690623,2,2
441840,4153360,2,2
321588,37168357,2,2
441840,4106092,1,1
441840,44813093,2,2
441840,4246986,2,2
441840,4140371,2,2
441840,4311693,2,2
441840,44792532,2,2
441840,37170023,2,2
321588,37163037,2,2
441840,36715276,2,2
441840,42690737,2,2
441840,44805233,1,1
441840,44810174,2,2
441840,37154801,2,2
443883,37170255,2,2
441840,45770403,1,1
441840,37395383,2,2
441840,608147,2,2
441840,4276585,2,2
441840,45769948,2,2
317009,4212099,1,1
443883,4277354,2,2
441840,4314801,2,2
441840,4066139,2,2
441840,40481569,2,2
254761,37163114,2,2
441840,44809877,2,2
378253,4283532,2,2
441840,37170007,2,2
441840,4142985,1,1
441840,36712814,2,2
195556,762033,2,2
441840,4030759,1,1
441840,4012552,2,2
441840,4134158,2,2
441840,4021948,2,2
441840,45770005,1,1
378253,37166877,1,1
441840,35625812,2,2
192279,609309,2,2
375557,762630,2,2
317009,4244339,1,1
441840,44790729,2,2
255573,37161191,2,2
441840,440059,2,2
441840,45770127,2,2
378253,37167051,2,2
441840,444194,1,1
441840,3655097,2,2
441840,35608101,2,2
441840,4054111,2,2
441840,4191044,2,2
441840,4155096,2,2
443883,604171,2,2
443883,604192,2,2
441840,37167868,2,2
441840,4092272,2,2
441840,37153073,1,1
441840,44804941,2,2
441840,37395384,2,2
443883,37163315,2,2
441840,4246977,2,2
441840,4202797,1,1
441840,44811494,1,1
441840,4051007,2,2
441840,4191823,2,2
375557,42536241,2,2
378253,37167061,1,1
443883,603206,2,2
441840,4161812,2,2
441840,433600,2,2
441840,4268704,2,2
321588,4328665,1,1
441840,4244269,2,2
321588,37162997,2,2
441840,4041989,2,2
441840,4306059,2,2
441840,44791676,2,2
441840,607166,2,2
441840,4009872,1,1
441840,4008167,2,2
441840,45770044,2,2
441840,4160039,2,2
441840,4185198,2,2
441840,37394481,2,2
441840,4101203,2,2
321588,438777,1,1
441840,4243947,2,2
441840,4091674,2,2
441840,608152,2,2
443883,37151422,2,2
441840,42689648,2,2
441840,4143972,2,2
441840,444093,1,1
441840,44802807,1,1
378253,37166901,1,1
441840,44790772,2,2
441840,46286972,2,2
375557,765488,2,2
441840,4302476,2,2
441840,4137055,2,2
441840,607247,2,2
254761,37170295,2,2
441840,4115110,2,2
443883,37167450,2,2
441840,44789350,2,2
441840,372604,2,2
441840,4267531,2,2
441840,4125612,1,1
441840,444108,1,1
441840,4159134,2,2
441840,4252221,2,2
443883,619933,2,2
441840,4235250,2,2
441840,4314279,2,2
441840,4030426,2,2
441840,42690493,1,1
441840,4032288,2,2
441840,44787827,2,2
443883,4128388,2,2
443883,609188,2,2
441840,44789762,2,2
195771,37162799,2,2
441840,4115722,2,2
441840,46287163,2,2
321588,4019341,2,2
441840,4175379,2,2
441840,4201209,2,2
443883,441631,2,2
316866,43020833,1,1
195771,36715051,1,1
441840,4232917,2,2
441840,4074200,2,2
443883,44784586,1,1
375557,37163001,1,1
441840,4207048,1,1
441840,4065786,2,2
441840,4008157,2,2
441840,4047203,2,2
441840,42535850,2,2
444100,4131545,2,2
441840,4154712,2,2
443883,618640,2,2
441840,4260239,2,2
441840,37155331,2,2
441840,4236910,2,2
441840,608154,2,2
441840,44804578,2,2
441840,42536535,2,2
441840,4275650,1,1
441840,44804577,2,2
441840,37159584,1,1
441840,44807818,2,2
441840,4091780,2,2
441840,4152684,2,2
441840,4182134,1,1
441840,4235243,2,2
441840,4269999,2,2
441840,35608102,2,2
441840,4255382,2,2
443883,46271778,1,1
441840,4115401,2,2
441840,44791872,2,2
441840,37395385,2,2
441840,4269865,1,1
441840,44811695,2,2
441840,37157406,2,2
441840,4182138,2,2
321588,37162372,2,2
441840,44804666,2,2
443883,37162680,2,2
441840,763052,2,2
441840,42536358,2,2
441840,4159656,2,2
441840,44804946,2,2
441840,4176550,1,1
441840,4093849,2,2
441840,4290090,2,2
441840,37168344,2,2
441840,40488433,2,2
321588,37163252,2,2
441840,507676,2,2
443883,37164402,2,2
441840,42690087,2,2
441840,44804944,2,2
441840,4179368,1,1
321588,46269829,2,2
441840,36675661,2,2
441840,37170010,2,2
321588,443575,2,2
441840,37394504,2,2
441840,45770045,2,2
441840,4036778,2,2
441840,44790601,1,1
441840,44802079,2,2
441840,762615,2,2
441840,37154752,1,1
321588,4018366,2,2
321588,4315010,2,2
441840,44806387,2,2
441840,36684107,2,2
441840,37395386,2,2
441840,37398889,2,2
443883,602590,2,2
441840,37169070,2,2
441840,44803541,1,1
443883,602613,2,2
255573,42538810,2,2
321588,37163313,2,2
375557,762631,2,2
441840,4246981,2,2
441840,46284462,2,2
317009,4120261,2,2
441840,4255390,2,2
378253,4216083,2,2
443883,37163316,2,2
441840,506598,2,2
441840,4177384,2,2
254761,4099940,1,1
441840,4267859,2,2
443883,609314,2,2
441840,40482897,2,2
441840,4310398,2,2
441840,4154708,2,2
443883,36716829,2,2
441840,37208424,2,2
441840,4138856,2,2
441840,4152608,2,2
443883,4128232,2,2
321588,37151415,2,2
321588,314478,2,2
441840,4218604,2,2
441840,4037487,2,2
441840,44814061,2,2
441840,44806817,2,2
441840,4168611,2,2
443883,37167938,1,1
441840,4157163,2,2
441840,37172871,2,2
441840,4093694,2,2
441840,4270335,2,2
441840,4090475,2,2
443883,37167963,2,2
443883,44784576,2,2
441840,4328558,2,2
441840,44810985,1,1
441840,44813929,2,2
441840,608130,2,2
441840,44803542,1,1
441840,46284904,2,2
441840,4115698,2,2
441840,4301742,2,2
441840,4246860,2,2
441840,37398890,2,2
441840,44811620,2,2
443883,37016121,2,2
441840,4193695,2,2
441840,37170009,2,2
443883,4289933,2,2
441840,37017403,2,2
441840,4029352,2,2
441840,608151,2,2
441840,44805611,2,2
441840,4122734,2,2
441840,45765772,2,2
441840,4148203,2,2
441840,4226144,2,2
441840,4021606,1,1
443883,37166071,1,1
441840,45770430,2,2
317009,4250128,2,2
375557,762629,1,1
443883,318222,2,2
441840,44808366,2,2
443883,4164126,2,2
441840,46284538,2,2
441840,4200982,2,2
441840,40480020,2,2
441840,4293903,1,1
441840,37395548,2,2
321588,4121463,1,1
375557,42536240,2,2
441840,603160,2,2
441840,762946,2,2
441840,4093213,2,2
441840,44813448,1,1
441840,37396538,2,2
441840,37395499,2,2
441840,4031368,2,2
441840,44805685,2,2
441840,4313124,1,1
441840,4245806,2,2
441840,45771270,2,2
317009,252942,1,1
441840,3662256,2,2
441840,44804945,2,2
441840,4216320,2,2
441840,4038493,2,2
441840,37154764,2,2
441840,762614,2,2
80593,36716455,1,1
441840,46285278,2,2
441840,4084877,2,2
441840,37208423,2,2
441840,4269866,2,2
441840,4255391,2,2
441840,4118265,1,1
441840,37167466,2,2
441840,37172869,2,2
375557,4041678,1,1
441840,4153516,2,2
441840,44792935,2,2
441840,606255,2,2
441840,4201384,2,2
317009,4225554,2,2
441840,44804940,2,2
441840,4255389,2,2
441840,45765592,2,2
433736,37162364,1,1
441840,4006789,2,2
443883,44806551,2,2
441840,443949,1,1
441840,37168343,2,2
441840,44812070,1,1
441840,765500,2,2
441840,4276730,2,2
441840,4038214,2,2
441840,4030015,2,2
441840,4295159,2,2
441840,4185946,1,1
443883,609263,2,2
441840,44813854,2,2
443883,37170678,2,2
441840,4172840,2,2
441840,37167276,2,2
441840,4246987,2,2
441840,506599,2,2
443883,619802,2,2
441840,4042137,1,1
441840,4246983,2,2
441840,4151350,2,2
441840,43021357,2,2
441840,4212448,2,2
441840,4183738,1,1
441840,4225231,2,2
443883,4126124,1,1
441840,4044712,2,2
441840,4216226,2,2
321588,4120949,1,1
441840,4048062,2,2
441840,4092544,2,2
441840,45770016,2,2
443883,37173538,2,2
441840,42689951,2,2
441840,4168318,2,2
441840,4240205,1,1
441840,37153074,1,1
441840,46287068,2,2
441840,4182041,2,2
441840,42690195,2,2
441840,4222638,2,2
443883,760855,2,2
441840,4077349,2,2
433736,37164247,2,2
441840,4220223,2,2
443883,37167512,2,2
441840,44805314,2,2
441840,4235245,2,2
441840,4269698,1,1
441840,4093347,1,1
441840,608148,2,2
441840,4216215,2,2
317009,4080516,2,2
441840,4021949,2,2
441840,4116798,1,1
441840,4306653,2,2
317009,45766727,2,2
317009,4245676,1,1
441840,4296101,2,2
443883,609301,2,2
321588,604780,2,2
443883,441922,2,2
441840,4163545,2,2
441840,4276587,2,2
441840,4065258,2,2
441840,4204044,2,2
441840,44813814,2,2
441840,4041278,2,2
441840,4158979,2,2
441840,608155,2,2
441840,45772777,2,2
321588,37162260,2,2
441840,605771,2,2
441840,444035,2,2
441840,4303576,2,2
80593,44782429,2,2
378253,37166928,2,2
441840,4037321,1,1
441840,4275188,2,2
441840,42538046,2,2
441840,4086764,2,2
441840,35625811,2,2
441840,4038068,2,2
441840,4309675,2,2
441840,44790646,2,2
441840,44790715,2,2
441840,37396559,2,2
441840,45773499,1,1
441840,45757776,2,2
441840,4114001,2,2
441840,37167887,2,2
441840,4056736,2,2
441840,4200886,2,2
443883,35607947,2,2
441840,605772,2,2
441840,37159165,1,1
441840,4150981,2,2
441840,42689931,2,2
443883,4299303,2,2
441840,4059015,2,2
441840,44809069,2,2
441840,37173226,2,2
441840,4023181,2,2
441840,4029810,2,2
441840,4029809,2,2
441840,4275347,2,2
441840,37154765,2,2
443883,765214,2,2
441840,606215,2,2
443883,37160727,2,2
441840,4331463,2,2
441840,4264026,2,2
441840,4246980,2,2
441840,37169798,2,2
441840,44811552,2,2
441840,763051,2,2
441840,45765434,2,2
441840,4172842,2,2
441840,4235247,2,2
441840,37311993,2,2
441840,37158838,2,2
443883,37162877,2,2
441840,608168,2,2
443883,609313,2,2
316866,37163263,2,2
441840,4048097,2,2
80593,37019193,2,2
441840,4175828,2,2
441840,40480457,2,2
441840,4236712,2,2
441840,44804668,2,2
441840,4201705,2,2
441840,44811145,1,1
441840,44809647,2,2
441840,4126630,2,2
321588,37174277,2,2
441840,46273477,2,2
441840,45767076,2,2
441840,44788687,1,1
441840,764415,2,2
321588,198286,2,2
317009,4119300,2,2
441840,4206460,1,1
443601,762000,2,2
441840,4029351,2,2
441840,4063393,2,2
441840,46284110,2,2
378253,37166062,2,2
321588,442604,2,2
441840,42690660,2,2
443883,37164808,2,2
441840,4167328,2,2
441840,4183970,2,2
441840,45767015,2,2
441840,44808786,1,1
441840,765829,2,2
441840,4104140,2,2
441840,45770364,1,1
441840,506750,2,2
378253,37166899,1,1
441840,4303802,2,2
441840,45770402,1,1
441840,36715277,2,2
441840,37312470,2,2
441840,4229126,1,1
317009,4225553,2,2
441840,44805572,2,2
443883,4245117,2,2
441840,4057427,2,2
441840,4229566,2,2
441840,763048,2,2
441840,45770422,2,2
441840,4252225,2,2
443883,37163031,2,2
441840,4172839,2,2
441840,4253740,2,2
441840,3662196,2,2
441840,4065532,2,2
441840,4022232,1,1
4021558,36716455,2,2
4080011,193782,2,2
4177097,36717534,2,2
4182210,37162187,1,1
4162723,4182210,2,2
4182210,37166448,2,2
4176969,43020456,2,2
4180768,36717534,1,1
4177096,43020456,2,2
4182210,37166513,2,2
4182210,37204554,2,2
4182210,45771254,2,2
4182210,37162223,2,2
4182210,4043378,1,1
4182210,37166343,2,2
4182210,37396752,2,2
4182210,37166332,2,2
4182210,4044051,2,2
4182210,37166515,2,2
4115406,4147326,2,2
4182210,37162098,1,1
4182210,37166441,1,1
4182210,37166380,2,2
4182210,4044049,2,2
4182210,4046091,2,2
4182210,37166508,2,2
4182210,37399020,2,2
4182210,37166122,2,2
4182210,4047744,2,2
4134586,762033,2,2
4182210,37162183,2,2
4182210,37162253,1,1
4182210,37166126,2,2
4182210,37166438,2,2
4182210,37166436,2,2
4247371,378253,1,1
4263504,762001,1,1
4260916,4147326,2,2
4211546,36716455,1,1
4300243,36716184,2,2
4300243,36717534,2,2
4325423,4147326,1,1
37017104,37163454,2,2
37017104,37163330,2,2
37017104,4126449,1,1
37166327,36716184,1,1
37166327,36717534,1,1
37156007,193782,1,1
37170324,36717534,1,1
44782429,44784637,2,2
44784621,762001,1,1
44782429,765535,2,2
44782429,760850,2,2
44784621,762033,1,1
44782691,762001,1,1
44782429,762001,2,2
44782691,762033,1,1
44782429,762034,2,2
44782429,762033,2,2
44782429,765536,2,2
44782429,762000,2,2
443883,1448894,2,2
441840,4025024,1,1
441840,4094006,2,2
254761,4048152,2,2
441840,4094034,1,1
441840,606249,1,1
441840,4273404,2,2
441840,4131789,2,2
441840,4221089,2,2
441840,4338374,2,2
441840,4309345,1,1
441840,4107689,2,2
441840,44804898,2,2
441840,4052648,2,2
441840,1447896,2,2
321588,1449247,1,1
441840,4064667,2,2
441840,4249473,2,2
443883,606372,2,2
441840,443240,1,1
192671,1450600,2,2
441840,1448092,2,2
441840,4211381,2,2
441840,44790690,2,2
441840,1450340,2,2
441840,4047987,1,1
4041284,254761,2,2
441840,4314553,2,2
441840,4116982,2,2
441840,35609957,2,2
441840,4086506,2,2
441840,4010334,2,2
441840,4192174,1,1
441840,4223938,2,2
441840,4022230,2,2
441840,608524,2,2
441840,1449332,2,2
443883,1448969,1,1
441840,40493255,2,2
441840,37156106,2,2
441840,1448024,2,2
443883,4026032,2,2
441840,1449029,2,2
441840,4279142,2,2
443883,4030581,2,2
4115386,254761,2,2
441840,1450352,2,2
443388,36684857,1,2
441840,4280357,2,2
443883,1244279,2,2
441840,4093432,2,2
441840,4098732,2,2
443883,1449278,2,2
441840,1449234,2,2
441840,1448069,1,1
441840,4042138,1,1
441840,4083417,1,1
441840,4021604,1,1
441840,3654346,2,2
441840,4004995,2,2
441840,4030753,2,2
441840,4290414,2,2
441840,4022831,2,2
254761,261687,1,1
441840,4225229,2,2
441840,9176,2,2
441840,1448066,2,2
441840,44809657,2,2
441840,37151891,2,2
441840,4047207,1,1
441840,4165738,2,2
441840,4111347,1,1
441840,4290925,2,2
441840,4223483,2,2
40492938,36684857,1,1
441840,4151309,2,2
378253,4115407,2,2
443883,443586,2,2
443883,4312400,2,2
441840,4252540,2,2
321588,319845,2,2
443883,4345571,2,2
441840,437312,1,1
443883,261600,2,2
321588,3655971,1,1
443883,42535426,2,2
192279,4137220,2,2
192671,4139411,1,1
443883,4305295,2,2
433736,36716144,1,1
443883,372636,2,2
441840,435723,2,2
443883,4147145,2,2
321588,40492446,1,1
195771,4079850,1,1
443883,37207846,2,2
443883,4184915,2,2
192279,37311453,1,1
317009,4143828,2,2
443883,4220697,1,1
441840,4236300,2,2
443883,4198123,2,2
441840,4292706,2,2
255573,257004,1,1
443883,4132087,2,2
441840,4078918,2,2
441840,44805059,2,2
441840,4279780,2,2
443883,46271471,2,2
443883,4133026,1,1
443883,4227902,2,2
444100,4239453,2,2
254761,4087178,2,2
441840,4040740,2,2
443883,4190498,2,2
443883,36713095,2,2
441840,4231813,1,1
441840,4004994,2,2
317009,37208352,2,2
378253,4103477,2,2
443883,4025318,2,2
192671,4100660,1,1
195771,37116960,2,2
443883,4106283,2,2
441840,4249004,2,2
441840,42690386,2,2
201313,44782429,1,1
443883,4328973,2,2
321588,44784235,2,2
201313,44782691,2,2
444100,37396201,1,1
444100,4241158,1,1
192671,4144926,1,1
443883,4140828,2,2
195771,4034960,1,1
441840,42709874,2,2
441840,4091645,2,2
316866,44811110,1,1
441840,44803065,2,2
316866,45757444,2,2
316866,320128,1,1
441840,4267229,2,2
321588,4213379,2,2
321588,40482921,2,2
443883,4103128,2,2
441840,4182981,2,2
443883,439149,1,1
443883,4047345,2,2
441840,44801729,2,2
321588,4108234,2,2
443601,46284572,2,2
441840,432586,2,2
252662,255573,1,1
441840,4172024,1,1
443883,762975,2,2
321588,44784234,2,2
192359,443961,2,2
317009,45768910,1,1
321588,312723,2,2
441840,42538352,2,2
433736,45771307,2,2
441840,44802546,2,2
321588,4124703,2,2
441840,4154314,2,2
441840,4279232,1,1
433736,4087487,2,2
441840,37311319,2,2
441840,40493230,2,2
443883,42538715,1,1
443883,44782760,2,2
441840,42537367,2,2
444100,4333678,2,2
254761,4270340,1,1
443883,4079845,2,2
321588,37115756,2,2
443601,43021836,2,2
441840,4196113,2,2
443883,36716754,2,2
321588,4134723,2,2
443883,4225116,2,2
442766,43020456,2,2
441840,4269020,2,2
443883,4319277,2,2
316866,4263067,2,2
441840,4166104,2,2
316139,319835,1,1
441840,37109980,2,2
441840,4275345,1,1
441840,44809808,2,2
443597,43021835,2,2
317009,42538744,2,2
443883,45768740,2,2
317009,4211530,2,2
443883,4125793,2,2
441840,4126743,2,2
441840,4216244,1,1
444100,45757213,2,2
192671,4195068,2,2
441840,4021667,1,1
443883,4243668,2,2
192671,37109016,1,1
441840,4052740,2,2
441840,42539643,2,2
433736,36716555,1,1
443883,81878,2,2
441840,4021903,2,2
255573,4050733,2,2
443883,37396135,2,2
443883,4289001,2,2
441840,4154703,1,1
192279,45773688,2,2
433736,4215969,1,1
443883,42538721,1,1
441840,4297708,1,1
321588,4030583,2,2
441840,4093543,2,2
441840,44788190,2,2
437247,443961,2,2
443883,4079964,2,2
441840,4174193,2,2
443883,4189935,1,1
319835,4142561,1,1
443883,4058676,2,2
441840,45765569,2,2
254761,4077128,1,1
433736,4189665,1,1
192671,4310668,2,2
321588,4249449,2,2
321588,4132088,1,1
316866,4311246,2,2
443883,4049298,2,2
441840,4266760,2,2
443883,37109720,2,2
441840,4275722,1,1
441840,4114615,2,2
441840,1076135,2,2
255573,4193588,1,1
443883,438761,2,2
195771,4143529,2,2
441840,42709875,2,2
378253,4012515,1,1
443883,4298575,2,2
443611,46270356,2,2
441840,4196500,1,1
441840,4151032,2,2
443883,4262712,1,1
441840,4024201,2,2
443883,4009042,2,2
321588,4088348,2,2
321588,4172863,2,2
441840,4113704,2,2
321588,4109490,2,2
254761,4266667,1,1
444100,40481798,2,2
443611,44784638,2,2
441840,3655420,1,1
375557,4006294,1,1
317009,4233784,1,1
316866,35624277,2,2
441840,4182153,2,2
444100,4098302,2,2
321588,316139,2,2
441840,4206788,2,2
441840,44809262,2,2
316866,4276511,2,2
319835,44782728,2,2
441840,4126250,2,2
321588,4088982,2,2
441840,40480847,2,2
441840,46287159,2,2
192279,43531578,2,2
443601,46270355,2,2
443883,37204507,2,2
254761,4077210,1,1
378253,4140381,1,1
443597,45763854,1,1
443883,4049389,2,2
441840,43530897,2,2
316866,4167358,1,1
443883,4033200,2,2
443883,4320945,2,2
441840,37394510,2,2
441840,4267235,2,2
441840,4151021,2,2
441840,137977,1,1
441840,40480683,1,1
317009,40483397,1,1
441840,4202605,2,2
443883,4129517,2,2
201826,4130162,1,1
254761,35626061,1,1
317009,4145356,2,2
254761,4167374,1,1
444100,438727,2,2
316866,40481896,2,2
444100,37018656,2,2
441840,44789763,2,2
192671,4332645,2,2
441840,4306983,2,2
443883,4229396,2,2
443883,4066421,2,2
443883,260139,2,2
441840,4052904,2,2
255573,4166517,1,1
441840,4154404,2,2
441840,4005645,2,2
443883,36715005,2,2
443883,4299016,1,1
192671,4271696,2,2
443883,4097961,2,2
195771,4099741,2,2
254761,4060224,2,2
317009,313236,1,1
443612,45757445,2,2
378253,4147325,1,1
195771,4140808,2,2
443883,42538723,1,1
441840,4063380,2,2
441840,4160898,2,2
316866,4199306,2,2
441840,4231693,2,2
321588,4134889,1,1
443614,46284566,2,2
441840,4299449,2,2
378253,4012241,2,2
443597,44792249,2,2
255573,261895,2,2
443883,4250028,2,2
441840,433595,1,1
321588,4217221,2,2
193782,45768813,1,1
198185,4128200,2,2
254761,4263877,1,1
316866,43020424,2,2
441840,4126564,2,2
201826,43531010,2,2
443883,4116316,2,2
375557,44782551,1,1
443883,761551,2,2
254761,44806100,2,2
441840,44784446,2,2
443883,433604,1,1
317009,257581,1,1
443883,4164770,2,2
321588,4266207,2,2
444100,4308866,2,2
443883,4077821,2,2
255573,4136683,2,2
444100,4295956,2,2
441840,4177611,2,2
255573,44807895,2,2
441840,4022228,2,2
201826,45766052,1,1
198185,443961,1,1
321588,43021739,2,2
441840,4320036,2,2
443883,4155208,1,1
441840,4230596,2,2
443883,4339470,2,2
316866,45771067,1,1
443883,4080459,2,2
443883,35623629,2,2
441840,45772876,2,2
443883,4098028,2,2
254761,4243802,2,2
441840,4202316,2,2
441840,761890,2,2
443883,4090674,2,2
443883,4028367,1,1
441840,4196114,2,2
321588,40483833,2,2
321588,4178542,1,1
444100,4223090,2,2
441840,44788619,2,2
443883,198307,2,2
321588,316999,2,2
441840,3655887,2,2
444100,4149321,2,2
321588,4124846,2,2
321588,4327930,2,2
441840,4008090,2,2
441840,4024558,2,2
443883,4173027,2,2
444100,4307518,2,2
444100,36713698,2,2
441840,763265,2,2
443883,40482063,2,2
441840,4273609,2,2
433736,36713437,1,1
192279,443731,1,1
441840,4011630,1,1
443883,36717035,2,2
441840,44789579,1,1
443883,36676683,2,2
441840,46273637,2,2
201820,201826,1,1
443883,4045730,2,2
255573,3654837,2,2
443883,762910,2,2
319835,314378,1,1
378253,4149969,1,1
441840,4154400,2,2
441840,4271773,2,2
441840,4179244,2,2
443883,441202,2,2
444100,4244690,1,1
441840,4146314,1,1
441840,4204177,2,2
321588,316427,2,2
443883,4132093,1,1
321588,4233619,2,2
443883,4311040,2,2
443883,4210131,2,2
443883,45769230,2,2
441840,4005140,2,2
321588,4310146,1,1
317009,46273635,1,1
319835,762003,1,1
433736,4160821,2,2
443883,4028488,2,2
317009,252658,2,2
443883,4103567,2,2
321588,4187067,1,1
198185,4128067,1,1
316866,4058987,2,2
443601,46287169,2,2
441840,4179872,2,2
192671,26727,2,2
441840,4318121,2,2
443883,4187371,1,1
441840,42689835,2,2
443612,46284598,2,2
375557,4182186,1,1
198185,4239804,1,1
441840,4012098,2,2
443883,4208245,2,2
192279,4030664,2,2
254761,4275649,1,1
443883,4047913,1,1
443883,36674930,2,2
321588,43020453,2,2
24969,4112349,2,2
443883,4018852,1,1
198124,192279,1,1
441840,44808160,2,2
433736,37397209,1,1
441840,4041287,1,1
443883,4025216,2,2
441840,4240184,2,2
443597,44782691,1,1
321588,315643,2,2
441840,4173456,1,2
444100,4333687,2,2
441840,4024710,2,2
443883,4171852,2,2
316866,44809548,1,1
198185,193782,1,1
441840,3654828,2,2
443612,44782689,1,1
443883,4211695,1,1
441840,4160881,2,2
441840,442106,2,2
443883,4096946,2,2
444100,4305966,2,2
441840,432595,2,2
321588,4262665,2,2
443883,46269808,2,2
321588,318445,2,2
441840,44791563,2,2
441840,44784445,2,2
444100,44782943,2,2
321588,4308814,2,2
441840,443883,2,2
378253,376104,1,1
255573,4286497,2,2
441840,4319162,2,2
441840,4063114,2,2
443883,3656940,2,2
321588,37397548,2,2
316866,4071202,1,1
441840,36714364,2,2
441840,4319161,2,2
443597,43531653,1,1
321588,316993,2,2
254761,4125451,2,2
319049,42539533,2,2
319835,316994,2,2
441840,4319163,2,2
378253,46270382,2,2
316866,4159755,2,2
443883,4123593,2,2
443883,435734,2,2
254761,4059020,1,1
441840,4087149,2,2
316866,1075907,2,2
443883,4298305,2,2
443883,4154698,2,2
443612,45769902,1,1
321588,4265190,2,2
321588,37018767,2,2
192671,4338544,1,1
195771,4099334,2,2
195771,4240589,1,1
443883,4027731,1,1
443883,4151595,2,2
321588,4226399,2,2
443597,46273636,2,2
443883,4342663,2,2
192279,36716853,1,1
443883,36717032,1,1
441840,4084257,2,2
443883,4132090,1,1
317009,37109103,2,2
321588,4305862,2,2
443612,44784639,2,2
443883,4319583,2,2
444100,43021849,1,1
441840,4041435,2,2
321588,4121616,1,1
443883,40485018,1,1
443883,45766910,2,2
321588,4107246,2,2
375557,762627,1,1
441840,42689871,2,2
316866,36713024,2,2
433736,37208175,1,1
443883,3656856,2,2
433736,36716151,1,1
316866,4227607,2,2
443597,37019193,1,1
443883,4138450,2,2
441840,44804937,2,2
435216,45773688,2,2
441840,4205708,2,2
441840,42689998,2,2
443883,4133027,2,2
319049,765888,2,2
321588,313224,2,2
255573,259043,2,2
443611,45769903,1,1
443611,43531562,1,1
193782,45772751,2,2
433736,36714072,1,1
441840,3655920,2,2
441840,4154764,2,2
319835,36712928,2,2
254761,4266704,1,1
321588,43020793,2,2
443612,43020457,2,2
441840,42690639,2,2
443883,377556,1,1
441840,44788554,2,2
316866,44809026,1,1
443611,45757444,2,2
255573,4209097,1,1
441840,4092715,2,2
441840,4021358,2,2
443883,4003529,2,2
441840,443723,2,2
443883,4346044,2,2
319049,37016114,2,2
443883,36685043,2,2
317009,4155469,1,1
321588,321319,2,2
441840,4201079,1,1
441840,4173614,1,1
443961,42872405,1,1
443883,200618,2,2
441840,37207471,2,2
316866,4221991,1,1
255573,44791725,1,1
441840,4040388,2,2
443883,36676401,2,2
441840,44805340,2,2
443601,46284575,2,2
443614,44792227,1,1
443883,4099956,2,2
321588,316995,2,2
441840,4162590,2,2
254761,4009383,1,1
443883,4060950,2,2
441840,4063379,2,2
444100,4237734,2,2
444100,4151170,2,2
441840,44805556,2,2
433736,35622038,1,1
321588,4185572,2,2
441840,44805390,2,2
443612,46284599,2,2
441840,42690648,2,2
316866,44809569,1,1
441840,442562,2,2
317009,4142738,2,2
441840,44802788,2,2
433736,36674490,1,1
441840,4202023,2,2
441840,36714489,2,2
441840,4128991,2,2
443883,4244569,2,2
321588,4137350,2,2
441840,4176962,2,2
444100,4149320,2,2
319835,44784442,1,1
443883,4057060,2,2
195556,43021835,2,2
254761,1077178,1,1
254761,4196430,1,1
441840,42690390,2,2
437312,192671,2,2
192671,4291649,1,1
321588,4103295,1,1
443883,198571,2,2
441840,37204336,2,2
321588,42536643,2,2
441840,4022204,2,2
255573,4050732,2,2
316866,44809027,1,1
254761,4278454,2,2
443883,4056198,1,1
443883,37110393,2,2
441840,46272931,2,2
254761,4199298,1,1
441840,435247,2,2
441840,4206562,2,2
321588,314054,2,2
441840,3655919,2,2
317009,4155470,1,1
254761,4128691,2,2
441840,4169984,2,2
195771,4144583,2,2
441840,44809567,1,1
321588,40482719,2,2
378253,763746,1,1
378253,4036622,1,1
444100,37109941,1,1
441840,4203887,2,2
443883,4102965,2,2
441840,443364,2,2
254761,4195384,1,1
443883,44782746,2,2
316866,42873163,2,2
321588,4124706,2,2
443883,4077219,2,2
443883,4112341,2,2
443883,4246655,2,2
441840,44788648,2,2
443883,314381,2,2
441840,4159877,1,1
444100,4132144,1,1
321588,4119599,2,2
441840,4274409,2,2
441840,4177614,2,2
443883,3656857,2,2
321588,4167693,2,2
201826,4230254,1,1
441840,4185470,2,2
378253,42539583,1,1
441840,4126744,2,2
254761,4116989,1,1
319049,3655976,2,2
444100,4175329,2,2
441840,4009868,2,2
441840,4165350,2,2
443883,201637,2,2
378253,4193674,2,2
443883,4114851,2,2
443883,4253072,2,2
443883,36685042,2,2
443883,35623817,2,2
444100,4338019,2,2
441840,37311320,1,1
319835,44782655,2,2
321588,4145489,2,2
441840,4277925,2,2
441840,36685453,2,2
319835,44782713,1,1
317009,4075237,1,1
441840,44812002,2,2
441840,4035884,2,2
321588,4040994,2,2
441840,44788977,2,2
441840,44782610,2,2
441840,4048529,2,2
441840,4081617,2,2
441840,42709887,2,2
441840,4295002,2,2
433736,4212443,1,1
321588,42539373,2,2
443883,4057173,2,2
443883,4226177,2,2
443883,37311600,2,2
444100,4155208,1,1
441840,36684985,2,2
441840,4086926,2,2
441840,4024716,2,2
441840,4204929,2,2
321588,4062119,2,2
198185,36679002,1,1
193782,46273164,2,2
378253,4309592,1,1
193782,45769904,2,2
441840,4179304,1,1
255573,4110056,2,2
444100,4253782,1,1
441840,44789580,1,1
443883,3654690,2,2
441840,4276280,2,2
321588,4086313,2,2
198185,42872405,2,2
255573,4110048,2,2
378253,4037300,1,1
441840,42536949,2,2
443883,4294427,2,2
443883,260125,2,2
441840,37174862,2,2
441840,4051667,2,2
441840,44791125,2,2
441840,4214786,2,2
441840,4159873,1,1
443601,43021854,2,2
443883,4057748,2,2
443883,36715393,2,2
441840,4300177,2,2
443883,4346180,2,2
441840,4021902,2,2
441840,4245275,2,2
192671,193250,2,2
321588,4119600,2,2
441840,4041434,2,2
441840,4213737,1,1
319835,43021826,1,1
316866,45757446,2,2
317009,42539549,2,2
317009,4206340,1,1
441840,4053321,2,2
443883,4003015,2,2
443611,44782690,1,1
443883,4002683,2,2
316866,4253928,2,2
433736,1076371,1,1
442793,192279,1,1
441840,44800078,1,1
443883,45768997,2,2
317009,4110051,1,1
317009,4141978,1,1
441840,36712677,2,2
321588,435829,2,2
443883,132943,2,2
441840,764750,2,2
316866,4279525,1,1
443883,201965,1,1
443883,433542,1,1
321588,37108582,2,2
433736,438731,2,2
321588,4165905,2,2
443883,438744,2,2
441840,4126966,2,2
443883,4132088,2,2
443614,43021853,2,2
441840,44808344,2,2
441840,4008738,2,2
441840,4266810,2,2
441840,4204519,2,2
441840,4179904,2,2
441840,4320035,2,2
433736,36674893,2,2
443883,372627,1,1
441840,44803147,2,2
255573,4056405,2,2
443883,4347434,2,2
441840,4161318,2,2
319049,46269690,2,2
319835,36712927,2,2
316866,4262182,1,1
444100,4314692,2,2
432851,36684857,1,1
443883,36716753,2,2
441840,4042143,2,2
443883,4006969,1,1
433736,434005,1,1
321588,4143042,2,2
441840,4083563,2,2
321588,4139206,2,2
441840,44788618,2,2
441840,42689999,2,2
321588,4027255,1,1
441840,44810893,1,1
441840,4299659,2,2
321588,4092011,2,2
441840,37207472,2,2
201820,195771,1,1
443611,46284603,2,2
319049,312940,1,1
441840,4250622,1,1
441840,4053323,2,2
443883,4131917,1,1
441840,4269135,2,2
441840,444202,2,2
321588,4048521,1,1
444100,4174987,2,2
441840,44788639,2,2
443883,4049458,2,2
441840,443452,2,2
441840,44812600,2,2
443883,4073658,2,2
441840,4230556,1,1
441840,441406,2,2
441840,4087150,2,2
375557,42539472,2,2
443883,132333,2,2
444100,36712668,2,2
321588,4091901,2,2
441840,507687,2,2
441840,44806130,2,2
441840,43021226,1,1
433736,36674827,1,1
441840,42535837,2,2
255573,46274062,1,1
441840,4217770,2,2
378253,44782806,1,1
443883,321683,2,2
192671,36684448,2,2
193782,4128200,1,1
443614,44784640,2,2
321588,43020844,2,2
317009,42536649,2,2
444100,4103574,2,2
443883,4210297,1,1
444100,44784632,1,1
321588,4221265,2,2
378253,4036953,1,1
193782,43020455,2,2
321588,44784217,1,1
321588,44813178,2,2
443883,201343,2,2
316866,4108213,2,2
441840,45765656,2,2
378253,4030433,1,1
443883,4267297,2,2
254761,4122567,2,2
441840,765791,2,2
443883,4116209,2,2
321588,40487658,2,2
443883,4049974,2,2
443883,4309916,1,1
441840,4180630,2,2
192671,4128705,2,2
441840,762821,2,2
443883,4150372,2,2
441840,1076814,2,2
317009,761844,2,2
433736,45757112,1,1
441840,4024014,2,2
321588,4334638,1,1
441840,44812345,2,2
443883,42538563,2,2
441840,4126890,2,2
441840,4297709,2,2
443883,4028365,1,1
433736,4171147,2,2
443883,4088141,2,2
195771,4192852,2,2
316866,45757447,2,2
443883,4082034,2,2
321588,433225,2,2
321588,4317150,2,2
443883,4250743,2,2
319835,4139864,1,1
443883,3656941,2,2
319835,439698,1,1
254761,4090569,1,1
4025215,444100,2,2
321588,4238986,2,2
441840,44792780,2,2
441840,4292547,2,2
441840,42535840,2,2
443883,4218324,2,2
441840,4084058,2,2
378253,373463,1,1
441840,42709880,2,2
321588,43020843,2,2
441840,4256917,2,2
321588,4119593,2,2
378253,4028205,1,1
441840,4204795,2,2
443883,435076,1,1
321588,4173170,2,2
319835,4229440,1,1
444100,4239471,2,2
443883,37016718,1,1
254761,4048218,1,1
441840,4343234,2,2
441840,4157039,2,2
443883,4200464,2,2
375557,42536243,2,2
437247,37019193,2,2
378253,37016721,1,1
195771,4062687,2,2
441840,44813433,2,2
316866,4289142,1,1
443883,37204729,2,2
441840,4160023,2,2
443614,46284570,2,2
255573,4050734,2,2
254761,4000163,1,1
443883,4130331,2,2
441840,44802659,2,2
443883,4119438,2,2
441840,4222414,2,2
316866,3656115,2,2
441840,4112748,2,2
441840,37311984,2,2
443601,43531566,1,1
443883,4134294,1,1
374009,4182210,1,1
443611,46284602,2,2
441840,4143065,2,2
441840,37310501,2,2
441840,4155807,2,2
441840,433527,2,2
443883,4130195,2,2
321588,42536632,2,2
321588,4109334,2,2
316866,45771064,1,1
441840,4132559,1,1
441840,440371,2,2
443614,46270354,2,2
443883,35624320,1,1
441840,4021613,2,2
193782,44782717,2,2
441840,437770,2,2
319835,4284562,2,2
433736,37110069,1,1
441840,42690606,2,2
441840,4152604,2,2
321588,43020655,2,2
255573,4246105,2,2
200687,45771075,2,2
30133,4112349,1,1
443883,4056204,2,2
441840,44787890,2,2
441840,4232740,2,2
254761,4060313,2,2
316866,45757119,2,2
441840,4179218,1,1
321588,36684850,2,2
444100,4197222,2,2
321588,42538532,2,2
443883,37395707,2,2
433736,37206117,2,2
443883,374053,1,1
443883,133737,2,2
316866,4179379,1,1
254761,4128692,2,2
378253,4172302,1,1
321588,4262389,2,2
443883,319049,2,2
316866,4209293,1,1
319835,43021825,1,1
321588,321462,1,1
192671,4342904,1,1
441840,44811840,1,1
316866,4049389,1,1
254761,4059017,2,2
444100,440383,1,1
441840,4154401,2,2
198185,37018886,2,2
441840,44790587,2,2
321588,4134586,1,1
321588,4154157,2,2
321588,314658,2,2
443612,1075907,2,2
321588,4121641,2,2
443883,42538607,1,1
321588,4185932,2,2
321588,4194618,2,2
321588,4070928,1,1
443883,4048742,2,2
433736,4093860,2,2
441840,46285092,2,2
319835,4215446,2,2
443883,4171104,2,2
441840,4103831,2,2
443883,4069295,2,2
443883,4341520,2,2
443883,37207906,2,2
4182210,1076291,1,1
441840,4053838,2,2
443883,4238032,2,2
441840,46284997,2,2
433736,4097929,2,2
321588,320737,2,2
316866,44783643,1,1
255573,261325,1,1
195771,765478,2,2
441840,4021490,2,2
321588,40457757,2,2
319049,35615340,2,2
441840,42709872,2,2
316866,45757445,2,2
321588,4164083,2,2
441840,4168498,1,1
321588,4048520,1,1
317009,764677,1,1
441840,4162217,2,2
317009,4155468,1,1
444100,4332994,2,2
31821,195771,2,2
441840,42690115,2,2
192671,197024,2,2
443883,438929,2,2
441840,4260204,2,2
317009,4152913,1,1
443883,4247425,2,2
441840,4312259,2,2
441840,4233463,2,2
443601,45769901,1,1
195771,37204818,2,2
443883,78237,2,2
441840,4203251,2,2
441840,46270485,2,2
254761,4103332,1,1
443731,43531653,2,2
319835,439694,1,1
443883,36674917,2,2
443883,4148466,2,2
317009,4138760,2,2
192671,4095572,2,2
319835,43022068,1,1
443883,4192647,2,2
443883,42538611,1,1
321588,438168,2,2
443611,37017813,1,1
255573,440748,2,2
321588,37109912,2,2
443883,35608917,2,2
195771,4212631,2,2
444100,4335160,2,2
441840,43020871,2,2
443883,4132556,1,1
441840,44809725,2,2
321588,43020780,2,2
441840,4196708,2,2
321588,317576,2,2
443883,4173188,2,2
441840,4167864,1,1
441840,44804936,2,2
441840,35622958,2,2
195771,4129516,2,2
321588,4164489,2,2
134057,316866,1,1
321588,4137358,2,2
441840,4171917,2,2
441840,4168960,2,2
444100,373176,1,1
433736,4216214,1,1
443614,43531559,1,1
254761,4060051,2,2
443601,45757447,2,2
378253,46270383,1,1
254761,4323688,1,1
443883,45757664,2,2
441840,4181204,2,2
443883,36674194,2,2
381591,375557,1,1
192671,45757654,1,1
441840,4206255,1,1
443883,373503,2,2
443883,4271197,2,2
441840,4078697,2,2
443883,46273416,2,2
441840,4343214,2,2
443883,374925,2,2
441840,436641,2,2
441840,4052425,2,2
321588,4119613,2,2
444100,4338029,2,2
321588,4122307,2,2
443614,46284567,2,2
441840,4024013,2,2
441840,4324545,2,2
441840,4087297,2,2
443883,37110291,2,2
441840,42537412,2,2
316866,36715087,1,1
441840,4335174,2,2
319835,4206009,2,2
441840,4302198,2,2
254761,4086814,1,1
441840,42709871,2,2
317009,4145497,1,1
443883,4132092,2,2
321588,4221281,2,2
441840,44804935,2,2
441840,43021227,2,2
441840,4204518,2,2
441840,44803110,2,2
254761,4188217,1,1
441840,42690765,2,2
316866,37016726,1,1
372887,4182210,2,2
444100,4224940,2,2
193782,45769906,2,2
316866,44783644,2,2
443883,4105016,2,2
255573,4166508,2,2
441840,44806233,2,2
443883,4176864,2,2
321588,4164219,1,1
441840,137193,1,1
443883,25297,2,2
321588,4258690,2,2
441840,44803106,2,2
443732,43531578,2,2
433736,4100857,2,2
443612,46273514,2,2
195771,37311329,2,2
443883,260123,2,2
443883,4080747,2,2
375557,762628,2,2
443614,44782703,1,1
443883,42536544,2,2
441840,435244,2,2
443883,320116,2,2
441840,42689885,2,2
433736,37018860,1,1
441840,4160484,2,2
443883,4058466,1,1
319049,36716978,2,2
255573,4196712,1,1
441840,3655677,2,2
441840,4135707,1,1
441840,37018844,2,2
443601,44792229,1,1
192279,45772914,2,2
441840,4181122,2,2
378253,4012239,1,1
444100,443864,2,2
443597,45757446,2,2
443883,4055494,2,2
441840,4027384,2,2
441840,761932,2,2
441840,4150248,2,2
441840,443783,2,2
254761,4109381,1,1
321588,43020945,2,2
254761,4058584,1,1
318459,319049,2,2
443883,4084167,1,1
192671,4103011,2,2
443611,44792255,1,1
441840,44792040,2,2
443883,761552,2,2
444100,4114950,2,2
378253,4011768,1,1
201826,45757474,1,1
441840,44801842,2,2
192671,1077332,2,2
443883,4308869,2,2
433736,4217557,1,1
134057,321588,1,1
441840,37016246,2,2
441840,44788638,2,2
441840,4205715,2,2
443883,4210636,2,2
441840,44804780,2,2
192671,194158,1,1
321588,4158911,2,2
443883,45768439,2,2
441840,42689836,2,2
198185,4030520,2,2
317009,43530693,2,2
441840,42535947,2,2
443883,432600,2,2
443883,440939,2,2
321588,4228448,2,2
441840,44806340,2,2
321588,4108350,2,2
441840,4236718,2,2
321588,43020731,2,2
441840,44804934,2,2
316866,4110948,2,2
321588,43020653,2,2
444100,37312479,2,2
443883,4075756,2,2
443883,4048663,2,2
443883,4142570,2,2
321588,4239975,1,1
443883,4102966,2,2
443883,4129378,2,2
441840,45770810,2,2
443732,45757363,1,1
255573,4148124,2,2
441840,4303401,1,1
255573,3654836,2,2
441840,4088037,2,2
443883,4110182,2,2
444100,4269143,1,1
441840,42689984,2,2
441840,37018217,2,2
443883,37396531,2,2
321588,40492540,2,2
443883,4048930,2,2
443883,46273494,2,2
317009,4309833,2,2
441840,4154402,2,2
444100,440696,1,1
441840,37310503,2,2
255573,4046986,1,1
321588,40487092,2,2
441840,44788649,2,2
441840,44789647,2,2
321588,4107225,2,2
198185,45768813,2,2
443883,36716819,2,2
321588,4127089,2,2
255573,4177944,2,2
443883,4100660,2,2
443883,4112678,2,2
441840,44788050,2,2
441840,4185471,2,2
443883,194081,2,2
254761,4271318,1,1
443883,4242411,2,2
441840,3655137,2,2
443883,436414,2,2
255573,4112828,2,2
254761,4269128,2,2
441840,44805190,2,2
443883,199074,2,2
375557,764498,2,2
443883,4252713,2,2
254761,4048098,1,1
443883,4309356,2,2
317009,4191479,1,1
31821,201826,2,2
443883,4221529,2,2
441840,432795,2,2
255573,43530693,2,2
321588,4160782,2,2
443597,44792232,2,2
441840,4283243,2,2
441840,44803096,2,2
441840,4139514,1,1
441840,4024705,1,1
378253,44790934,1,1
441840,4203711,2,2
441840,4305702,2,2
378253,37016725,1,1
441840,37207470,2,2
443883,4161782,1,1
441840,4269348,2,2
441840,44790588,2,2
317009,45772073,1,1
321588,4088507,2,2
444100,44782932,2,2
316866,4028741,1,1
1075909,1075905,1,1
443883,4252853,2,2
195771,4245270,1,1
316866,43021830,1,1
441840,4021480,2,2
441840,1076475,2,2
443883,762965,2,2
443612,43531577,1,1
195771,42537681,1,1
254761,4094147,1,1
433736,42539192,2,2
317009,4119298,1,1
254761,4048759,1,1
441840,44811702,2,2
317009,312950,2,2
441840,44809161,2,2
441840,44788311,2,2
444100,37110495,1,1
443883,374356,2,2
195771,4235410,2,2
443883,37397280,2,2
443883,4137525,2,2
192279,4151946,2,2
441840,37311179,2,2
441840,44804270,2,2
441840,4182004,2,2
443883,4195694,2,2
316866,44811933,2,2
441840,37310302,2,2
443883,4243475,2,2
441840,4226021,2,2
443883,201478,2,2
443883,4132552,1,1
441840,44805161,2,2
316866,321080,1,1
441840,4109678,2,2
254761,44789249,1,1
378253,4212985,1,1
444100,4102973,2,2
443883,4149042,2,2
192359,198185,1,1
321588,4166245,1,1
443883,4029372,2,2
441840,4212053,2,2
441840,4087470,2,2
319835,4023479,1,1
444100,37016718,2,2
255573,45769389,2,2
441840,44788627,2,2
443883,4345701,2,2
441840,4209224,2,2
443612,46284597,2,2
195771,4178452,1,1
317009,42535716,1,1
444100,4338031,2,2
378253,4037891,1,1
378253,4315023,1,1
441840,4320037,2,2
441840,4077367,2,2
443883,4124544,2,2
441840,42689616,2,2
316866,4217486,2,2
441840,436670,2,2
319835,36713488,1,1
443883,4197402,2,2
443883,4241411,2,2
321588,4160899,2,2
443883,4219288,2,2
443612,44792253,1,1
444100,4152280,2,2
443614,44792226,1,1
443883,4028366,1,1
441840,4170068,2,2
433736,4182506,2,2
441840,4190365,2,2
443883,4331815,2,2
195771,4030066,2,2
198185,4125970,2,2
321588,42539547,2,2
433736,4270189,1,1
443883,4103588,2,2
441840,1077672,2,2
441840,42709873,2,2
443883,138176,2,2
441840,4196732,1,1
441840,4306659,2,2
441840,4039098,2,2
433736,4097996,1,1
441840,36685457,2,2
443597,44792230,1,1
321588,4057008,2,2
441840,44788037,2,2
441840,4269562,2,2
441840,44788587,2,2
432586,444100,1,1
443597,43020456,2,2
192359,193782,2,2
321588,4102856,2,2
378253,4195951,1,1
441840,4045562,2,2
321588,37017093,1,1
254761,4269800,1,1
443883,4235878,1,1
321588,4121482,2,2
441840,4323046,2,2
441840,4010829,2,2
316866,4180283,2,2
321588,43020792,2,2
443883,4103451,2,2
198185,4322556,1,1
192671,4308202,2,2
443883,45773397,2,2
441840,4239819,1,1
444100,435520,2,2
321588,4068745,2,2
441840,44810894,1,1
200687,45773688,1,1
321588,321042,2,2
443611,46284600,2,2
443883,4083547,2,2
443883,4144381,2,2
441840,44803851,2,2
321588,45771051,2,2
443883,4188610,2,2
321588,4088349,2,2
443883,4215791,2,2
441840,4155910,2,2
443883,4132091,1,1
441840,4013210,2,2
441840,4209223,2,2
321588,321502,2,2
321588,4221620,2,2
321588,43020872,2,2
441840,44788573,2,2
443883,45763853,2,2
195771,4034963,2,2
321588,4263049,1,1
443883,44784249,2,2
321588,4091900,2,2
441840,40483532,2,2
441840,4284608,2,2
441840,4028510,2,2
195771,4237068,2,2
443883,433765,2,2
443883,4138094,2,2
441840,4182140,2,2
254761,4126096,1,1
443883,36713536,2,2
319835,4327205,2,2
443601,44782692,1,1
441840,4305552,2,2
440142,321588,1,1
441840,4093098,2,2
320136,317009,1,1
316866,443771,2,2
321588,42536645,2,2
441840,4130717,2,2
321588,4122763,2,2
443883,4271450,1,1
312339,375557,2,2
443883,374947,2,2
441840,4160482,2,2
443883,4342653,2,2
441840,42690255,2,2
321588,4088986,2,2
192671,36717237,1,1
443883,37109919,2,2
321588,318450,2,2
195771,4202383,1,1
317009,256448,2,2
316866,762994,1,1
193782,4030520,1,1
441840,45767295,1,1
321588,4230774,2,2
443883,37312674,2,2
441840,432250,2,2
443883,4331678,2,2
441840,4256762,2,2
441840,44791973,2,2
443883,257004,2,2
441840,45770435,2,2
441840,1076346,2,2
321588,319843,2,2
316866,312648,2,2
316866,44811932,2,2
443883,4135213,1,1
201826,4099651,1,1
441840,4102117,2,2
319049,46273719,1,1
441840,4049642,2,2
441840,4146790,2,2
443883,4305429,1,1
316866,4057979,2,2
321588,316429,2,2
433736,4029276,2,2
443883,4137933,1,1
317009,37310241,2,2
444100,4333677,2,2
30361,45757363,2,2
441840,4203886,2,2
378253,44782681,2,2
441840,4179307,2,2
443597,45763855,1,1
441840,4274025,1,1
441840,4324769,2,2
192671,23245,2,2
443883,36716824,2,2
443611,37018761,1,1
443597,1075888,2,2
443883,440083,1,1
441840,4202313,2,2
441840,4155805,2,2
441840,4155804,2,2
441840,44803142,2,2
443883,46269698,2,2
321588,4070799,2,2
441840,4224515,2,2
443597,45771075,1,1
316866,314958,2,2
443601,44792228,1,1
443883,764204,2,2
443883,4049028,2,2
321588,4195003,2,2
441840,4148149,2,2
316866,1075888,2,2
378253,45766090,1,1
321588,318549,2,2
441840,4314326,1,1
317009,46270322,2,2
443597,44792251,2,2
321588,4101019,2,2
441840,4145261,2,2
441840,4175961,2,2
441840,4297396,2,2
443883,4268894,2,2
443883,4197570,2,2
443883,42538722,1,1
441840,4204176,2,2
441840,44790586,2,2
441840,46286962,2,2
441840,37311264,2,2
321588,4180636,1,1
321588,4024552,1,1
316866,45757356,1,1
441840,436815,2,2
444100,437522,1,1
441840,45765703,2,2
443883,4247433,2,2
443883,4058590,2,2
319835,762002,1,1
317009,37206717,2,2
441840,4020158,2,2
444100,433440,2,2
443883,4046089,2,2
441840,4320835,2,2
316866,319826,1,1
321588,4121483,2,2
441840,4177703,2,2
443883,3654666,2,2
316866,42538697,2,2
443883,4196110,2,2
443883,43531127,2,2
443883,4098760,1,1
441840,4179873,2,2
441840,4161573,2,2
317009,4146581,2,2
316866,45768449,1,1
201826,4129519,1,1
441840,4053453,2,2
441840,4027304,1,1
443611,44792254,1,1
443883,37209505,2,2
193782,4125970,1,1
321588,4175473,2,2
432586,4182210,2,2
441840,42690398,2,2
443883,43531711,2,2
195771,4327944,1,1
321588,3654805,2,2
192671,4307661,1,1
441840,4146319,2,2
441840,44813255,1,1
443612,44792252,1,1
201826,4304377,1,1
441840,4231241,2,2
441840,44782639,2,2
433736,36717199,1,1
321588,4029831,2,2
195771,4178790,1,1
316866,4322735,2,2
441840,4287256,1,1
443883,36717492,2,2
321588,314107,2,2
441840,42690743,2,2
441840,37310504,2,2
443883,4306953,2,2
443883,4124510,2,2
378253,4012240,1,1
441840,4243225,2,2
441840,42689878,2,2
319835,44784345,1,1
321588,4281749,1,1
443883,4168792,2,2
321588,4246729,2,2
254761,4086815,1,1
441840,44793459,2,2
378253,4183441,2,2
316866,37208293,1,1
441840,4266780,2,2
443883,4031764,2,2
443883,45772947,2,2
254761,4009942,1,1
443883,46271759,2,2
321588,42537638,2,2
441840,4266186,2,2
441840,4184134,2,2
441840,44789467,2,2
443883,4148301,2,2
443614,45773576,1,1
443883,380415,2,2
443883,4174376,2,2
443883,196236,2,2
441840,4160481,2,2
441840,4242890,1,1
441840,42690129,2,2
441840,4053322,2,2
441840,4282746,2,2
441840,4203410,2,2
443611,43020437,2,2
433736,4185912,2,2
441840,4090739,2,2
319835,439696,1,1
317009,4051466,1,1
441840,4141833,2,2
433736,4163032,2,2
441840,43530872,2,2
443883,4340932,2,2
195771,40482883,1,1
321588,4288472,2,2
443883,4225434,2,2
441840,4204933,2,2
441840,4277350,2,2
378253,374342,1,1
441840,42690258,2,2
443883,4300356,2,2
378253,4036625,1,1
443731,43531578,1,1
254761,40482863,2,2
443883,4345345,2,2
441840,4003828,2,2
443883,4026000,2,2
319835,4242669,1,1
441840,763789,2,2
443883,4197185,2,2
441840,443584,2,2
441840,44783068,2,2
441840,4184239,2,2
441840,437038,2,2
443883,4138327,2,2
259153,4147326,1,1
441840,4306164,2,2
443883,1076770,2,2
443883,4345444,2,2
441840,764709,2,2
443597,44792231,1,1
441840,763892,2,2
443883,4104540,1,1
378253,4011530,1,1
254761,4102774,1,1
321588,4248028,2,2
443883,3657030,2,2
378253,40483832,1,1
319049,46271075,1,1
441840,4247411,2,2
444100,436665,2,2
443883,4033294,2,2
378253,36716800,2,2
443883,3654658,2,2
317009,764949,2,2
378253,4044237,1,1
443883,4192856,2,2
193782,37018886,1,1
443883,36715932,2,2
443883,36674793,2,2
441840,4193506,2,2
319049,37399087,2,2
192279,4206115,1,1
444100,4289751,2,2
441840,42690385,2,2
441840,46284855,2,2
321588,40484036,2,2
441840,4132560,2,2
441840,437382,1,1
317009,43530745,1,1
441840,4209070,2,2
201826,4063043,1,1
319835,44782428,1,1
441840,434489,1,1
441840,42709869,2,2
443883,444269,2,2
316866,37208172,1,1
441840,45770556,2,2
443883,4346171,2,2
441840,4204047,2,2
192279,200687,1,1
321588,46284985,2,2
441840,42690132,2,2
192671,1077328,2,2
319049,4266019,1,1
321588,43020930,2,2
321588,40480274,2,2
441840,44790589,2,2
317009,46274062,1,1
443597,44792250,2,2
443883,4198119,2,2
316866,4242878,2,2
254761,4038519,1,1
443883,37397258,2,2
441840,4179639,2,2
441840,44805176,2,2
441840,4217203,2,2
443883,4199961,2,2
378253,4271776,1,1
441840,4337687,2,2
441840,608492,2,2
441840,4041277,2,2
441840,4270553,2,2
441840,4071683,2,2
441840,4135416,2,2
441840,44788819,2,2
441840,4139628,2,2
441840,4041284,1,1
441840,4279542,2,2
378253,4113841,2,2
443883,618672,2,2
441840,4228323,2,2
441840,4327998,2,2
441840,4028071,2,2
441840,37396587,1,1
441840,4185192,2,2
441840,1077674,2,2
441840,602246,1,1
441840,36676289,2,2
441840,4064741,2,2
441840,44790852,2,2
441840,135157,2,2
441840,4309195,2,2
441840,4182155,2,2
441840,42537343,2,2
441840,4031882,2,2
441840,4079186,2,2
441840,4224652,2,2
441840,4022073,2,2
441840,1077514,1,1
441840,36685456,2,2
441840,4184967,2,2
441840,4181975,2,2
441840,37310420,2,2
441840,1076474,2,2
441840,3655096,2,2
441840,4248521,2,2
441840,37310301,2,2
441840,4273173,2,2
441840,4094284,2,2
441840,4161579,2,2
4030518,36716947,2,2
441840,45767672,2,2
441840,37310303,2,2
441840,1074284,2,2
4006969,319049,1,1
441840,4277352,2,2
443883,4290728,2,2
441840,4266763,2,2
441840,4058256,2,2
441840,4266774,2,2
4030518,45773688,2,2
441840,40479565,2,2
4030518,36717349,2,2
4030518,36716184,2,2
192671,1077329,2,2
441840,1077490,2,2
1075908,1075904,1,1
441840,36685454,2,2
441840,1076101,2,2
441840,37207474,2,2
316866,1075906,2,2
4030518,37017104,2,2
1075888,1075887,1,1
441840,4182456,1,1
441840,4065410,2,2
441840,437671,2,2
4022571,4147326,2,2
1075910,1075886,1,1
4030518,443597,2,2
441840,36685455,2,2
4030518,36717534,2,2
441840,4201383,2,2
4023995,321588,2,2
441840,1077673,2,2
441840,4186044,2,2
441840,4182467,1,1
433736,1076370,2,2
192671,46269907,2,2
441840,4186045,2,2
4030518,43531578,2,2
4024552,319835,2,2
4030518,443614,2,2
4030518,443601,2,2
4024567,317009,2,2
3661507,433736,2,2
1075888,1075886,1,1
192671,4026112,2,2
4030518,443612,2,2
441840,37310300,2,2
4030518,198185,2,2
192671,37162897,2,2
443883,1075636,2,2
441840,42690751,2,2
441840,42537340,2,2
4030518,44782429,2,2
441840,1076490,2,2
441840,4270000,2,2
254761,1077447,1,1
441840,45763916,2,2
441840,4161578,2,2
4030518,443611,2,2
1075911,1075887,1,1
441840,37310298,2,2
441840,4058592,2,2
441840,1074130,2,2
441840,4186042,2,2
4000610,192671,1,1
4030518,36716455,2,2
4023995,316866,2,2
441840,37310454,2,2
441840,1077515,1,1
441840,1076409,2,2
4029423,45757363,1,1
4027553,255573,2,2
4028244,45757446,2,2
192671,42536738,2,2
4028244,1075888,2,2
441840,42689897,2,2
192671,46273183,1,1
192671,4341790,2,2
441840,1074213,2,2
4277352,316866,1,1
4081627,436409,1,1
441840,37310453,2,2
316866,1075903,2,2
441840,4186043,2,2
441840,1077675,2,2
441840,37310296,2,2
4115390,321588,2,2
441840,4174241,1,1
441840,42690397,2,2
441840,4182771,2,2
441840,35609958,2,2
441840,4266589,2,2
192671,46272978,2,2
441840,4061173,2,2
4021782,444100,1,1
441840,40481628,1,1
441840,36685458,2,2
443883,37312199,2,2
441840,36685452,2,2
441840,1074540,1,1
443611,1075906,2,2
4103183,321588,1,1
4115259,255573,2,2
4101001,443961,1,1
441840,4265005,2,2
443883,438223,2,2
443597,1075911,2,2
443883,4110644,2,2
441840,1076112,2,2
4091056,192279,2,2
441840,4190931,2,2
441840,37310297,2,2
441840,4276588,1,1
441840,4172043,1,1
441840,42690198,2,2
441840,4019967,2,2
441840,1077516,1,1
443883,4240333,2,2
441840,4101600,2,2
4041436,36712854,2,2
441840,4175026,1,1
433736,1075371,2,2
4080992,436409,2,2
4114487,4147326,1,1
254761,4182587,2,2
441840,37310304,2,2
4101001,37019193,1,1
441840,37310500,2,2
441840,4265994,2,2
441840,37207473,2,2
441840,4269055,1,1
433736,1075370,1,1
441840,37310456,2,2
441840,4277183,2,2
441840,37168541,2,2
441840,4271920,2,2
441840,44810949,2,2
441840,4162589,1,1
441840,4243929,2,2
441840,42535670,2,2
441840,4090826,2,2
441840,4161577,2,2
4034964,45757363,2,2
443883,1076331,2,2
441840,4268980,2,2
443597,1075909,2,2
441840,4211334,2,2
441840,4270827,2,2
441840,4273017,2,2
441840,4199295,2,2
441840,44814147,2,2
4042836,375557,1,1
378253,4038025,2,2
192671,442190,2,2
441840,37310421,2,2
441840,4058257,2,2
4043346,321588,2,2
441840,46270004,2,2
441840,37310299,2,2
443597,1075910,2,2
321588,36713582,1,1
441840,36685451,2,2
443883,1076147,2,2
443597,1075908,2,2
443883,4061839,2,2
441840,4271383,2,2
441840,44792781,2,2
441840,1077512,1,1
4182210,35610098,1,1
4134595,36716455,2,2
441840,44791873,2,2
441840,4229392,2,2
4122924,37019193,1,1
443883,4151152,2,2
4166245,319835,1,1
441840,37310455,2,2
441840,4271391,2,2
441840,1077513,1,1
378253,4036624,2,2
4182210,36674472,1,1
441840,4280828,2,2
441840,4024002,2,2
443601,1075903,2,2
4182210,37017247,2,2
441840,4266466,2,2
4182210,37109635,1,1
4182210,44784560,2,2
4180628,321588,2,2
4182210,37396063,1,1
4182210,36716558,2,2
4182210,37111242,1,1
4134595,443601,2,2
4122924,443961,2,2
4150547,443961,1,1
4134595,36717349,2,2
4182210,762497,1,1
4134595,36716184,2,2
4182210,37311999,1,1
4182210,37110513,2,2
40480491,36712854,1,1
4180628,316866,2,2
4182210,441002,1,1
37203927,36712854,1,1
4182210,4043377,2,2
45771075,1075887,2,2
4182210,377527,2,2
4182210,44782771,2,2
45771075,1075888,1,1
45763854,1075887,2,2
4182210,377788,1,1
4182210,37204495,2,2
4116809,4147326,1,1
45763855,1075908,1,1
4182210,4152048,1,1
4182210,4196433,2,2
4134595,36717534,2,2
4173027,4112349,2,2
4182210,43020444,1,1
4182210,374888,1,1
4134595,443611,2,2
4182210,378419,1,1
4130526,201826,2,2
45773688,1075907,2,2
4182210,44782727,2,2
4182210,4098163,2,2
4182210,4218017,2,2
4134595,43531578,2,2
4182210,4047748,1,1
4134595,45773688,2,2
45773688,1075888,2,2
4182210,762704,1,1
4134595,37017104,2,2
4182210,43530664,2,2
4182210,43021816,2,2
45773688,1075903,2,2
4182210,44784473,2,2
4182210,44784607,2,2
4182210,4307791,2,2
4182210,36716796,2,2
4130526,195771,2,2
4182210,4220313,2,2
4182210,376095,2,2
4182210,44784474,2,2
4182210,4159643,2,2
4182210,4228133,2,2
4182210,44784559,2,2
4182210,44784643,2,2
45773688,1075911,2,2
4182210,3654920,2,2
45763854,1075909,1,1
4180628,317009,2,2
4182210,37395572,2,2
4147326,4168068,1,1
4182210,4314734,2,2
4182210,3654598,1,1
4134586,43021835,2,2
4182210,36717598,1,1
4182210,4048875,1,1
4182210,42538857,1,1
4182210,4043379,2,2
4132926,378253,1,1
4182210,378125,1,1
4182210,376085,2,2
4134586,762001,2,2
43531653,1075908,1,1
4182210,376946,2,2
4182210,44782726,2,2
4182210,37119154,2,2
4134595,36716947,2,2
4134595,443612,2,2
4182210,42538610,2,2
4182210,36716797,2,2
45757446,1075904,1,1
4134595,44782429,2,2
4134595,443614,2,2
4182210,35610096,2,2
4182210,37116464,2,2
4134595,198185,2,2
4182210,4244346,1,1
4182210,43530666,1,1
4182210,375791,2,2
4182210,44784472,2,2
4182210,37117145,2,2
4182210,443605,2,2
4134595,443597,2,2
4182210,381832,2,2
4182210,765653,1,1
4182210,44782935,1,1
4182210,37018608,2,2
4182210,4101137,2,2
4182210,37017549,1,1
45763854,1075911,1,1
4207618,375557,1,1
4215968,433736,1,1
4183981,762033,1,1
45757446,1075905,1,1
4250505,4112349,2,2
4227253,321588,2,2
4256228,319049,1,1
43531578,1075909,2,2
45771067,1075888,1,1
4244129,443961,1,1
4247371,375557,2,2
43531653,1075905,2,2
43531653,1075904,2,2
4267789,254761,1,1
4274025,433736,1,1
45771075,1075910,1,1
4274025,444100,2,2
4274025,443883,1,1
4290890,4112349,1,1
4304916,192671,2,2
4309188,192671,2,2
4353709,375557,1,1
45763855,1075904,2,2
45773688,1075910,2,2
441840,4134556,2,2
441840,4090071,2,2
441840,4226148,2,2
192671,46271323,2,2
441840,4288891,2,2
441840,4271398,2,2
441840,4166086,2,2
441840,4101796,2,2
443883,605225,2,2
441840,4133149,2,2
441840,40486034,2,2
441840,3655064,2,2
378253,43530640,2,2
441840,44790680,2,2
443883,4207805,1,1
441840,42690009,2,2
378253,605547,2,2
441840,4322000,2,2
441840,4136892,2,2
441840,441181,2,2
441840,4230321,2,2
441840,4183245,2,2
441840,4234815,2,2
441840,4187777,2,2
441840,4051447,2,2
441840,4123443,2,2
441840,4266925,2,2
441840,4087323,2,2
443883,606421,2,2
441840,138667,1,1
378253,42535403,2,2
441840,4035817,2,2
441840,4047705,1,1
441840,4142183,2,2
441840,4179308,1,1
192671,4085415,2,2
441840,4155095,2,2
441840,764146,2,2
441840,4228517,2,2
441840,4198688,2,2
441840,4311846,1,1
441840,4115105,2,2
43531578,1075908,2,2
441840,37018944,2,2
443883,4270864,2,2
443883,40486521,2,2
441840,4149369,2,2
441840,4090316,2,2
441840,618923,1,1
441840,313601,2,2
441840,4182011,2,2
441840,4231687,2,2
441840,4231542,2,2
441840,42537748,2,2
378253,4196384,2,2
433736,37311904,1,1
441840,43530975,2,2
441840,4275877,2,2
441840,37311145,2,2
441840,4093667,2,2
443883,4301266,1,1
441840,4262331,2,2
441840,4100421,2,2
195771,37204232,1,1
443883,436384,2,2
441840,44809039,2,2
441840,4103320,2,2
441840,4025182,2,2
441840,4269584,2,2
441840,44805496,2,2
441840,4264330,2,2
45771075,1075911,1,1
441840,40484887,2,2
441840,4115558,2,2
441840,37206233,2,2
609309,601163,1,1
441840,3655065,2,2
443883,437949,2,2
441840,433441,2,2
441840,40488840,2,2
441840,45770916,2,2
441840,4218714,2,2
441840,763740,2,2
441840,4269581,2,2
441840,37208167,2,2
441840,253549,2,2
441840,4117777,2,2
441840,4172857,1,1
441840,4116794,2,2
441840,4058583,2,2
441840,4071689,2,2
441840,763899,2,2
441840,43531057,2,2
441840,4288885,2,2
441840,4274412,2,2
441840,439388,2,2
441840,4116962,2,2
441840,44813194,2,2
441840,44810852,2,2
443883,607430,2,2
441840,4147431,2,2
433736,604591,2,2
441840,4024744,2,2
441840,4321148,2,2
443883,607209,1,1
441840,4086525,2,2
441840,4280061,2,2
443883,4335169,2,2
378253,4105365,2,2
441840,37018450,2,2
441840,4266169,2,2
441840,4253778,2,2
443883,40394098,2,2
441840,4075838,2,2
441840,44808488,2,2
441840,40482958,2,2
441840,4309070,2,2
441840,37311997,2,2
441840,4247265,2,2
441840,4232631,2,2
441840,4093991,1,1
433736,4171972,1,1
441840,4199412,1,1
441840,192731,2,2
441840,140190,2,2
317009,42536208,2,2
441840,4231842,2,2
441840,4310171,2,2
443597,601163,1,1
441840,437758,1,1
441840,4021901,2,2
441840,45767593,2,2
441840,4134807,2,2
441840,4247371,1,1
441840,4182460,2,2
441840,4200056,2,2
441840,4307507,2,2
441840,4170250,2,2
441840,37311285,2,2
441840,618853,2,2
441840,4087623,2,2
441840,4027549,2,2
441840,4270993,2,2
441840,44809528,2,2
441840,4218950,2,2
441840,4076348,2,2
441840,4103662,1,1
441840,45772775,2,2
441840,4020346,2,2
441840,4105099,2,2
441840,606248,1,1
443883,4133495,2,2
441840,4248673,2,2
441840,46271381,2,2
441840,4073186,2,2
441840,4022569,1,1
441840,4080382,2,2
443883,607208,2,2
441840,4115259,2,2
441840,4009278,2,2
321588,4264680,2,2
441840,36714172,2,2
441840,4131529,2,2
441840,602245,1,1
441840,4179042,2,2
441840,4087312,2,2
441840,4079499,2,2
441840,443359,1,1
441840,4268987,2,2
441840,4174922,2,2
441840,44790723,2,2
441840,4079935,2,2
441840,42690266,2,2
441840,46284809,2,2
441840,4311981,2,2
321588,4306131,2,2
192671,4245614,1,1
441840,44811737,2,2
441840,4089226,2,2
443883,4040990,2,2
441840,37398996,1,1
441840,4272095,2,2
441840,140821,2,2
441840,36717251,2,2
441840,44802880,2,2
441840,43021209,2,2
441840,4128846,2,2
441840,4201711,2,2
378253,608736,1,1
441840,46284335,2,2
441840,4213101,1,1
443883,609270,2,2
441840,42536452,2,2
441840,442019,2,2
441840,4042836,2,2
441840,618854,2,2
441840,4295261,2,2
441840,4233431,2,2
441840,4211796,2,2
441840,4086745,2,2
316866,4118910,1,1
375557,607569,2,2
441840,4268708,1,1
441840,4136168,2,2
441840,4051061,2,2
441840,765788,2,2
441840,4022071,1,1
378253,40326905,1,1
441840,4231684,2,2
441840,36714366,2,2
378253,372313,2,2
443883,435236,2,2
441840,37396588,1,1
193782,601166,2,2
441840,137275,2,2
441840,4179301,1,1
441840,42872826,2,2
441840,42539644,2,2
441840,4113236,2,2
441840,44790741,2,2
441840,4156034,2,2
441840,46273839,2,2
441840,44811736,2,2
443883,3661817,2,2
443883,44782656,2,2
443883,607795,2,2
441840,4316870,2,2
441840,46271384,2,2
441840,4179309,2,2
43531653,1075909,1,1
441840,44790742,2,2
441840,4257441,2,2
441840,4030915,2,2
441840,4301596,2,2
441840,4084192,2,2
441840,4037137,2,2
441840,46284411,2,2
441840,4095203,2,2
441840,35625162,2,2
441840,435642,2,2
441840,4228464,2,2
441840,4038495,2,2
441840,4239943,2,2
441840,46285250,2,2
441840,4043349,2,2
441840,4180628,2,2
441840,135930,1,1
441840,3655007,2,2
441840,44791555,2,2
441840,45757693,2,2
441840,4143462,2,2
441840,4272941,2,2
441840,441137,2,2
441840,37394012,2,2
441840,4119969,2,2
441840,198715,2,2
441840,4103469,2,2
441840,4339468,2,2
441840,4008740,2,2
441840,439156,1,1
441840,37016902,2,2
255573,46269701,2,2
441840,763662,2,2
441840,42690608,2,2
441840,4193373,2,2
441840,45772059,2,2
441840,4197644,2,2
441840,44792760,2,2
441840,44792782,2,2
441840,4028722,2,2
443614,601161,1,1
443883,606420,2,2
441840,37018027,2,2
441840,43021420,2,2
441840,4094202,2,2
441840,45769055,2,2
441840,4024566,1,1
443883,45757527,1,1
441840,432455,1,1
441840,42690141,2,2
378253,601499,1,1
443883,45771393,2,2
441840,4148787,2,2
441840,4039780,2,2
45763854,1075905,2,2
441840,4083044,2,2
441840,4267503,2,2
441840,4156630,2,2
441840,764741,2,2
441840,4021774,2,2
378253,374639,2,2
441840,4155098,2,2
441840,37397212,2,2
441840,44805166,2,2
441840,4231685,2,2
45763855,1075910,1,1
36716620,36684857,2,2
36716945,36716947,1,1
45771075,1075886,2,2
45763855,1075886,2,2
441840,45765577,2,2
441840,4308201,2,2
441840,4293175,1,1
441840,4178366,2,2
45773688,1075906,2,2
37116972,192279,2,2
378253,4030590,2,2
441840,44805165,2,2
441840,763659,2,2
